timestamp,xc_id,species,references,download_url,error
2026-01-10T10:45:58.199245+00:00,XC566580,acrocephalus dumetorum,https://data.biodiversitydata.nl/xeno-canto/observation/XC566580,https://xeno-canto.org/566580/download,Download failed after retries: Downloaded file too small (likely error page).
2026-01-10T11:24:11.137148+00:00,XC117117,acrocephalus dumetorum,https://data.biodiversitydata.nl/xeno-canto/observation/XC117117,https://xeno-canto.org/117117/download,Download failed after retries: Downloaded file too small (likely error page).
2026-01-10T12:09:41.454647+00:00,XC530718,acrocephalus palustris,https://data.biodiversitydata.nl/xeno-canto/observation/XC530718,https://xeno-canto.org/530718/download,Download failed after retries: 404 Client Error: Not Found for url: https://xeno-canto.org/530718/download
2026-01-10T12:19:34.692231+00:00,XC729403,acrocephalus palustris,https://data.biodiversitydata.nl/xeno-canto/observation/XC729403,https://xeno-canto.org/729403/download,Download failed after retries: 404 Client Error: Not Found for url: https://xeno-canto.org/729403/download
2026-01-10T12:46:37.071542+00:00,XC245726,acrocephalus palustris,https://data.biodiversitydata.nl/xeno-canto/observation/XC245726,https://xeno-canto.org/245726/download,Download failed after retries: 404 Client Error: Not Found for url: https://xeno-canto.org/245726/download
2026-01-10T13:12:48.632920+00:00,XC560639,acrocephalus schoenobaenus,https://data.biodiversitydata.nl/xeno-canto/observation/XC560639,https://xeno-canto.org/560639/download,Audio too short: 0.91s
2026-01-10T13:31:58.436185+00:00,XC800153,acrocephalus schoenobaenus,https://data.biodiversitydata.nl/xeno-canto/observation/XC800153,https://xeno-canto.org/800153/download,Download failed after retries: 404 Client Error: Not Found for url: https://xeno-canto.org/800153/download
2026-01-10T13:40:47.783103+00:00,XC804137,acrocephalus scirpaceus,https://data.biodiversitydata.nl/xeno-canto/observation/XC804137,https://xeno-canto.org/804137/download,Download failed after retries: 404 Client Error: Not Found for url: https://xeno-canto.org/804137/download
2026-01-10T13:41:44.934282+00:00,XC526296,acrocephalus scirpaceus,https://data.biodiversitydata.nl/xeno-canto/observation/XC526296,https://xeno-canto.org/526296/download,Audio too short: 0.89s
2026-01-10T14:25:57.220355+00:00,XC586754,actitis hypoleucos,https://data.biodiversitydata.nl/xeno-canto/observation/XC586754,https://xeno-canto.org/586754/download,Download failed after retries: Downloaded file too small (likely error page).
2026-01-10T14:27:20.989728+00:00,XC732058,actitis hypoleucos,https://data.biodiversitydata.nl/xeno-canto/observation/XC732058,https://xeno-canto.org/732058/download,Download failed after retries: Downloaded file too small (likely error page).
2026-01-10T14:32:24.997258+00:00,XC550338,aegithalos caudatus,https://data.biodiversitydata.nl/xeno-canto/observation/XC550338,https://xeno-canto.org/550338/download,Download failed after retries: Downloaded file too small (likely error page).
2026-01-10T14:38:09.891690+00:00,XC952577,aegithalos caudatus,https://data.biodiversitydata.nl/xeno-canto/observation/XC952577,https://xeno-canto.org/952577/download,Download failed after retries: Downloaded file too small (likely error page).
2026-01-10T14:50:36.241512+00:00,XC720021,aegithalos caudatus,https://data.biodiversitydata.nl/xeno-canto/observation/XC720021,https://xeno-canto.org/720021/download,Download failed after retries: Downloaded file too small (likely error page).
2026-01-10T15:32:48.189077+00:00,XC986030,anas crecca,https://data.biodiversitydata.nl/xeno-canto/observation/XC986030,https://xeno-canto.org/986030/download,Download failed after retries: 404 Client Error: Not Found for url: https://xeno-canto.org/986030/download
2026-01-10T15:43:43.270964+00:00,XC587169,anas platyrhynchos,https://data.biodiversitydata.nl/xeno-canto/observation/XC587169,https://xeno-canto.org/587169/download,Download failed after retries: Downloaded file too small (likely error page).
2026-01-10T15:48:39.485424+00:00,XC249282,anas platyrhynchos,https://data.biodiversitydata.nl/xeno-canto/observation/XC249282,https://xeno-canto.org/249282/download,Audio too short: 0.65s
2026-01-10T16:06:37.279692+00:00,XC436930,anas platyrhynchos,https://data.biodiversitydata.nl/xeno-canto/observation/XC436930,https://xeno-canto.org/436930/download,Download failed after retries: 404 Client Error: Not Found for url: https://xeno-canto.org/436930/download
2026-01-10T16:14:08.102490+00:00,XC775431,anser anser,https://data.biodiversitydata.nl/xeno-canto/observation/XC775431,https://xeno-canto.org/775431/download,Download failed after retries: 404 Client Error: Not Found for url: https://xeno-canto.org/775431/download
2026-01-10T16:25:10.487238+00:00,XC942334,anser anser,https://data.biodiversitydata.nl/xeno-canto/observation/XC942334,https://xeno-canto.org/942334/download,"Size should be 1, 2, 3 or 4"
2026-01-10T16:37:28.253389+00:00,XC831722,anthus pratensis,https://data.biodiversitydata.nl/xeno-canto/observation/XC831722,https://xeno-canto.org/831722/download,Audio too short: 0.79s
2026-01-10T16:40:15.077677+00:00,XC716154,anthus pratensis,https://data.biodiversitydata.nl/xeno-canto/observation/XC716154,https://xeno-canto.org/716154/download,Audio too short: 0.78s
2026-01-10T16:44:11.726182+00:00,XC441237,anthus pratensis,https://data.biodiversitydata.nl/xeno-canto/observation/XC441237,https://xeno-canto.org/441237/download,Audio too short: 0.91s
2026-01-10T16:53:20.462813+00:00,XC584094,anthus trivialis,https://data.biodiversitydata.nl/xeno-canto/observation/XC584094,https://xeno-canto.org/584094/download,Audio too short: 0.91s
2026-01-10T16:54:47.078002+00:00,XC494153,anthus trivialis,https://data.biodiversitydata.nl/xeno-canto/observation/XC494153,https://xeno-canto.org/494153/download,Audio too short: 0.80s
2026-01-10T16:56:37.550081+00:00,XC471877,anthus trivialis,https://data.biodiversitydata.nl/xeno-canto/observation/XC471877,https://xeno-canto.org/471877/download,Audio too short: 0.53s
2026-01-10T16:57:44.959670+00:00,XC640813,anthus trivialis,https://data.biodiversitydata.nl/xeno-canto/observation/XC640813,https://xeno-canto.org/640813/download,Audio too short: 0.62s
2026-01-10T17:08:35.010316+00:00,XC718596,anthus trivialis,https://data.biodiversitydata.nl/xeno-canto/observation/XC718596,https://xeno-canto.org/718596/download,Download failed after retries: Downloaded file too small (likely error page).
2026-01-10T17:18:34.365017+00:00,XC943116,ardea cinerea,https://data.biodiversitydata.nl/xeno-canto/observation/XC943116,https://xeno-canto.org/943116/download,"Size should be 1, 2, 3 or 4"
2026-01-10T17:29:19.031007+00:00,XC374774,ardea cinerea,https://data.biodiversitydata.nl/xeno-canto/observation/XC374774,https://xeno-canto.org/374774/download,Download failed after retries: Downloaded file too small (likely error page).
2026-01-10T17:34:45.718187+00:00,XC589861,ardea cinerea,https://data.biodiversitydata.nl/xeno-canto/observation/XC589861,https://xeno-canto.org/589861/download,Download failed after retries: Downloaded file too small (likely error page).
2026-01-10T17:46:10.943342+00:00,XC726428,asio otus,https://data.biodiversitydata.nl/xeno-canto/observation/XC726428,https://xeno-canto.org/726428/download,Download failed after retries: Downloaded file too small (likely error page).
2026-01-10T18:38:49.563844+00:00,XC828885,botaurus stellaris,https://data.biodiversitydata.nl/xeno-canto/observation/XC828885,https://xeno-canto.org/828885/download,Download failed after retries: Downloaded file too small (likely error page).
2026-01-10T18:52:23.329982+00:00,XC988755,botaurus stellaris,https://data.biodiversitydata.nl/xeno-canto/observation/XC988755,https://xeno-canto.org/988755/download,Download failed after retries: 404 Client Error: Not Found for url: https://xeno-canto.org/988755/download
2026-01-10T19:00:13.196049+00:00,XC526858,calidris alpina,https://data.biodiversitydata.nl/xeno-canto/observation/XC526858,https://xeno-canto.org/526858/download,Audio too short: 0.65s
2026-01-10T19:00:38.484253+00:00,XC588182,calidris alpina,https://data.biodiversitydata.nl/xeno-canto/observation/XC588182,https://xeno-canto.org/588182/download,Download failed after retries: Downloaded file too small (likely error page).
2026-01-10T19:07:49.339812+00:00,XC677165,calidris alpina,https://data.biodiversitydata.nl/xeno-canto/observation/XC677165,https://xeno-canto.org/677165/download,Download failed after retries: Downloaded file too small (likely error page).
2026-01-10T19:36:32.833365+00:00,XC572570,caprimulgus europaeus,https://data.biodiversitydata.nl/xeno-canto/observation/XC572570,https://xeno-canto.org/572570/download,Audio too short: 0.81s
2026-01-10T19:39:20.770647+00:00,XC470775,caprimulgus europaeus,https://data.biodiversitydata.nl/xeno-canto/observation/XC470775,https://xeno-canto.org/470775/download,Download failed after retries: Downloaded file too small (likely error page).
2026-01-10T21:18:42.832246+00:00,XC938312,charadrius dubius,https://data.biodiversitydata.nl/xeno-canto/observation/XC938312,https://xeno-canto.org/938312/download,Audio too short: 0.69s
2026-01-10T21:18:59.624155+00:00,XC551820,charadrius dubius,https://data.biodiversitydata.nl/xeno-canto/observation/XC551820,https://xeno-canto.org/551820/download,Download failed after retries: Downloaded file too small (likely error page).
2026-01-10T21:22:18.131978+00:00,XC495965,charadrius dubius,https://data.biodiversitydata.nl/xeno-canto/observation/XC495965,https://xeno-canto.org/495965/download,Download failed after retries: Downloaded file too small (likely error page).
2026-01-10T21:28:44.821662+00:00,XC553958,charadrius dubius,https://data.biodiversitydata.nl/xeno-canto/observation/XC553958,https://xeno-canto.org/553958/download,Audio too short: 0.94s
2026-01-10T21:29:56.300723+00:00,XC550199,charadrius dubius,https://data.biodiversitydata.nl/xeno-canto/observation/XC550199,https://xeno-canto.org/550199/download,Download failed after retries: Downloaded file too small (likely error page).
2026-01-10T21:36:25.074524+00:00,XC540175,charadrius dubius,https://data.biodiversitydata.nl/xeno-canto/observation/XC540175,https://xeno-canto.org/540175/download,Download failed after retries: Downloaded file too small (likely error page).
2026-01-10T21:41:08.909416+00:00,XC588190,charadrius hiaticula,https://data.biodiversitydata.nl/xeno-canto/observation/XC588190,https://xeno-canto.org/588190/download,Download failed after retries: Downloaded file too small (likely error page).
2026-01-10T21:54:30.932404+00:00,XC667718,charadrius hiaticula,https://data.biodiversitydata.nl/xeno-canto/observation/XC667718,https://xeno-canto.org/667718/download,Audio too short: 1.00s
2026-01-10T21:59:41.550770+00:00,XC100965,chloris chloris,https://data.biodiversitydata.nl/xeno-canto/observation/XC100965,https://xeno-canto.org/100965/download,Download failed after retries: Downloaded file too small (likely error page).
2026-01-10T22:44:14.180375+00:00,XC942564,coccothraustes coccothraustes,https://data.biodiversitydata.nl/xeno-canto/observation/XC942564,https://xeno-canto.org/942564/download,"Size should be 1, 2, 3 or 4"
2026-01-10T22:45:16.627196+00:00,XC957065,coccothraustes coccothraustes,https://data.biodiversitydata.nl/xeno-canto/observation/XC957065,https://xeno-canto.org/957065/download,Download failed after retries: 404 Client Error: Not Found for url: https://xeno-canto.org/957065/download
2026-01-10T22:48:41.820939+00:00,XC942355,coccothraustes coccothraustes,https://data.biodiversitydata.nl/xeno-canto/observation/XC942355,https://xeno-canto.org/942355/download,"Size should be 1, 2, 3 or 4"
2026-01-10T23:18:10.855290+00:00,XC535835,corvus corone,https://data.biodiversitydata.nl/xeno-canto/observation/XC535835,https://xeno-canto.org/535835/download,Audio too short: 0.43s
2026-01-11T00:25:11.982427+00:00,XC920416,curruca communis communis,https://data.biodiversitydata.nl/xeno-canto/observation/XC920416,https://xeno-canto.org/920416/download,Download failed after retries: 404 Client Error: Not Found for url: https://xeno-canto.org/920416/download
2026-01-11T00:27:39.446073+00:00,XC900763,curruca communis communis,https://data.biodiversitydata.nl/xeno-canto/observation/XC900763,https://xeno-canto.org/900763/download,Download failed after retries: 404 Client Error: Not Found for url: https://xeno-canto.org/900763/download
2026-01-11T00:30:11.860662+00:00,XC816529,curruca communis communis,https://data.biodiversitydata.nl/xeno-canto/observation/XC816529,https://xeno-canto.org/816529/download,Download failed after retries: 404 Client Error: Not Found for url: https://xeno-canto.org/816529/download
2026-01-11T00:43:26.712745+00:00,XC952438,curruca communis communis,https://data.biodiversitydata.nl/xeno-canto/observation/XC952438,https://xeno-canto.org/952438/download,Download failed after retries: 404 Client Error: Not Found for url: https://xeno-canto.org/952438/download
2026-01-11T00:45:56.063872+00:00,XC927375,curruca communis communis,https://data.biodiversitydata.nl/xeno-canto/observation/XC927375,https://xeno-canto.org/927375/download,Download failed after retries: 404 Client Error: Not Found for url: https://xeno-canto.org/927375/download
2026-01-11T00:55:17.189432+00:00,XC933378,curruca communis communis,https://data.biodiversitydata.nl/xeno-canto/observation/XC933378,https://xeno-canto.org/933378/download,Download failed after retries: 404 Client Error: Not Found for url: https://xeno-canto.org/933378/download
2026-01-11T01:07:52.727391+00:00,XC672360,curruca curruca,https://data.biodiversitydata.nl/xeno-canto/observation/XC672360,https://xeno-canto.org/672360/download,Audio too short: 0.62s
2026-01-11T01:08:31.076392+00:00,XC575727,curruca curruca,https://data.biodiversitydata.nl/xeno-canto/observation/XC575727,https://xeno-canto.org/575727/download,Download failed after retries: Downloaded file too small (likely error page).
2026-01-11T01:30:47.248787+00:00,XC941715,cyanistes caeruleus,https://data.biodiversitydata.nl/xeno-canto/observation/XC941715,https://xeno-canto.org/941715/download,Audio too short: 0.91s
2026-01-11T01:31:03.592325+00:00,XC611918,cyanistes caeruleus,https://data.biodiversitydata.nl/xeno-canto/observation/XC611918,https://xeno-canto.org/611918/download,Download failed after retries: 404 Client Error: Not Found for url: https://xeno-canto.org/611918/download
2026-01-11T01:34:39.742286+00:00,XC301794,cyanistes caeruleus,https://data.biodiversitydata.nl/xeno-canto/observation/XC301794,https://xeno-canto.org/301794/download,Download failed after retries: 404 Client Error: Not Found for url: https://xeno-canto.org/301794/download
2026-01-11T01:40:17.281222+00:00,XC307581,dendrocopos major,https://data.biodiversitydata.nl/xeno-canto/observation/XC307581,https://xeno-canto.org/307581/download,Download failed after retries: Downloaded file too small (likely error page).
2026-01-11T01:46:39.840087+00:00,XC820044,dendrocopos major,https://data.biodiversitydata.nl/xeno-canto/observation/XC820044,https://xeno-canto.org/820044/download,Audio too short: 0.91s
2026-01-11T02:04:47.922556+00:00,XC998114,dryocopus martius,https://data.biodiversitydata.nl/xeno-canto/observation/XC998114,https://xeno-canto.org/998114/download,Audio too short: 0.61s
2026-01-11T03:12:30.776424+00:00,XC587631,emberiza citrinella,https://data.biodiversitydata.nl/xeno-canto/observation/XC587631,https://xeno-canto.org/587631/download,Audio too short: 0.89s
2026-01-11T03:15:38.883620+00:00,XC942339,emberiza citrinella,https://data.biodiversitydata.nl/xeno-canto/observation/XC942339,https://xeno-canto.org/942339/download,"Size should be 1, 2, 3 or 4"
2026-01-11T03:21:36.192714+00:00,XC537977,emberiza citrinella,https://data.biodiversitydata.nl/xeno-canto/observation/XC537977,https://xeno-canto.org/537977/download,Download failed after retries: Downloaded file too small (likely error page).
2026-01-11T03:38:27.004923+00:00,XC682539,emberiza hortulana,https://data.biodiversitydata.nl/xeno-canto/observation/XC682539,https://xeno-canto.org/682539/download,Download failed after retries: Downloaded file too small (likely error page).
2026-01-11T03:39:59.981615+00:00,XC903415,emberiza hortulana,https://data.biodiversitydata.nl/xeno-canto/observation/XC903415,https://xeno-canto.org/903415/download,Audio too short: 0.98s
2026-01-11T03:42:23.097285+00:00,XC933434,emberiza hortulana,https://data.biodiversitydata.nl/xeno-canto/observation/XC933434,https://xeno-canto.org/933434/download,Download failed after retries: Downloaded file too small (likely error page).
2026-01-11T03:46:10.123250+00:00,XC496321,emberiza hortulana,https://data.biodiversitydata.nl/xeno-canto/observation/XC496321,https://xeno-canto.org/496321/download,Download failed after retries: Downloaded file too small (likely error page).
2026-01-11T03:55:17.295022+00:00,XC647089,emberiza schoeniclus,https://data.biodiversitydata.nl/xeno-canto/observation/XC647089,https://xeno-canto.org/647089/download,Download failed after retries: Downloaded file too small (likely error page).
2026-01-11T03:56:29.859486+00:00,XC761634,emberiza schoeniclus,https://data.biodiversitydata.nl/xeno-canto/observation/XC761634,https://xeno-canto.org/761634/download,Download failed after retries: Downloaded file too small (likely error page).
2026-01-11T04:04:22.962445+00:00,XC357193,emberiza schoeniclus,https://data.biodiversitydata.nl/xeno-canto/observation/XC357193,https://xeno-canto.org/357193/download,Download failed after retries: Downloaded file too small (likely error page).
2026-01-11T04:15:29.487039+00:00,XC1036255,erithacus rubecula,https://data.biodiversitydata.nl/xeno-canto/observation/XC1036255,https://xeno-canto.org/1036255/download,Audio too short: 0.92s
2026-01-11T04:18:01.544665+00:00,XC617090,erithacus rubecula,https://data.biodiversitydata.nl/xeno-canto/observation/XC617090,https://xeno-canto.org/617090/download,Audio too short: 0.46s
2026-01-11T04:28:11.855034+00:00,XC833297,erithacus rubecula,https://data.biodiversitydata.nl/xeno-canto/observation/XC833297,https://xeno-canto.org/833297/download,Audio too short: 0.87s
2026-01-11T04:28:59.129456+00:00,XC727143,erithacus rubecula,https://data.biodiversitydata.nl/xeno-canto/observation/XC727143,https://xeno-canto.org/727143/download,Download failed after retries: Downloaded file too small (likely error page).
2026-01-11T04:55:31.902241+00:00,XC669821,ficedula hypoleuca,https://data.biodiversitydata.nl/xeno-canto/observation/XC669821,https://xeno-canto.org/669821/download,Download failed after retries: Downloaded file too small (likely error page).
2026-01-11T04:56:32.497877+00:00,XC704539,ficedula hypoleuca,https://data.biodiversitydata.nl/xeno-canto/observation/XC704539,https://xeno-canto.org/704539/download,Audio too short: 0.91s
2026-01-11T04:57:46.993604+00:00,XC560381,ficedula hypoleuca,https://data.biodiversitydata.nl/xeno-canto/observation/XC560381,https://xeno-canto.org/560381/download,Audio too short: 0.86s
2026-01-11T04:58:12.480578+00:00,XC494850,ficedula hypoleuca,https://data.biodiversitydata.nl/xeno-canto/observation/XC494850,https://xeno-canto.org/494850/download,Download failed after retries: Downloaded file too small (likely error page).
2026-01-11T04:59:57.498300+00:00,XC829433,ficedula hypoleuca,https://data.biodiversitydata.nl/xeno-canto/observation/XC829433,https://xeno-canto.org/829433/download,Download failed after retries: 404 Client Error: Not Found for url: https://xeno-canto.org/829433/download
2026-01-11T05:02:00.327145+00:00,XC557897,ficedula hypoleuca,https://data.biodiversitydata.nl/xeno-canto/observation/XC557897,https://xeno-canto.org/557897/download,Audio too short: 0.85s
2026-01-11T05:02:30.448147+00:00,XC433146,ficedula hypoleuca,https://data.biodiversitydata.nl/xeno-canto/observation/XC433146,https://xeno-canto.org/433146/download,Download failed after retries: Downloaded file too small (likely error page).
2026-01-11T05:03:21.691525+00:00,XC586835,ficedula hypoleuca,https://data.biodiversitydata.nl/xeno-canto/observation/XC586835,https://xeno-canto.org/586835/download,Audio too short: 0.64s
2026-01-11T05:29:53.977880+00:00,XC875456,fringilla coelebs coelebs,https://data.biodiversitydata.nl/xeno-canto/observation/XC875456,https://xeno-canto.org/875456/download,Download failed after retries: 404 Client Error: Not Found for url: https://xeno-canto.org/875456/download
2026-01-11T05:41:59.693955+00:00,XC824798,fringilla coelebs coelebs,https://data.biodiversitydata.nl/xeno-canto/observation/XC824798,https://xeno-canto.org/824798/download,Download failed after retries: 404 Client Error: Not Found for url: https://xeno-canto.org/824798/download
2026-01-11T05:55:27.626001+00:00,XC858312,fulica atra,https://data.biodiversitydata.nl/xeno-canto/observation/XC858312,https://xeno-canto.org/858312/download,Download failed after retries: Downloaded file too small (likely error page).
2026-01-11T06:10:56.881144+00:00,XC512033,gallinago gallinago,https://data.biodiversitydata.nl/xeno-canto/observation/XC512033,https://xeno-canto.org/512033/download,Audio too short: 0.70s
2026-01-11T06:12:20.166301+00:00,XC463295,gallinago gallinago,https://data.biodiversitydata.nl/xeno-canto/observation/XC463295,https://xeno-canto.org/463295/download,Download failed after retries: Downloaded file too small (likely error page).
2026-01-11T06:17:34.373513+00:00,XC513343,gallinago gallinago,https://data.biodiversitydata.nl/xeno-canto/observation/XC513343,https://xeno-canto.org/513343/download,Audio too short: 0.76s
2026-01-11T06:18:25.132400+00:00,XC861815,gallinago gallinago,https://data.biodiversitydata.nl/xeno-canto/observation/XC861815,https://xeno-canto.org/861815/download,Audio too short: 0.63s
2026-01-11T06:24:02.398872+00:00,XC554799,gallinula chloropus,https://data.biodiversitydata.nl/xeno-canto/observation/XC554799,https://xeno-canto.org/554799/download,Audio too short: 0.93s
2026-01-11T06:24:31.566718+00:00,XC360707,gallinula chloropus,https://data.biodiversitydata.nl/xeno-canto/observation/XC360707,https://xeno-canto.org/360707/download,Download failed after retries: Downloaded file too small (likely error page).
2026-01-11T06:27:04.343619+00:00,XC647465,gallinula chloropus,https://data.biodiversitydata.nl/xeno-canto/observation/XC647465,https://xeno-canto.org/647465/download,Audio too short: 0.99s
2026-01-11T06:33:39.645118+00:00,XC844780,gallinula chloropus,https://data.biodiversitydata.nl/xeno-canto/observation/XC844780,https://xeno-canto.org/844780/download,Download failed after retries: 404 Client Error: Not Found for url: https://xeno-canto.org/844780/download
2026-01-11T06:33:48.766638+00:00,XC882576,gallinula chloropus,https://data.biodiversitydata.nl/xeno-canto/observation/XC882576,https://xeno-canto.org/882576/download,Download failed after retries: Downloaded file too small (likely error page).
2026-01-11T06:34:08.828907+00:00,XC545000,gallinula chloropus,https://data.biodiversitydata.nl/xeno-canto/observation/XC545000,https://xeno-canto.org/545000/download,Audio too short: 0.87s
2026-01-11T06:34:47.263439+00:00,XC717079,gallinula chloropus,https://data.biodiversitydata.nl/xeno-canto/observation/XC717079,https://xeno-canto.org/717079/download,Download failed after retries: Downloaded file too small (likely error page).
2026-01-11T06:36:19.448286+00:00,XC431448,gallinula chloropus,https://data.biodiversitydata.nl/xeno-canto/observation/XC431448,https://xeno-canto.org/431448/download,Audio too short: 0.82s
2026-01-11T06:36:31.811754+00:00,XC496743,gallinula chloropus,https://data.biodiversitydata.nl/xeno-canto/observation/XC496743,https://xeno-canto.org/496743/download,Download failed after retries: Downloaded file too small (likely error page).
2026-01-11T06:59:38.025058+00:00,XC604000,grus grus,https://data.biodiversitydata.nl/xeno-canto/observation/XC604000,https://xeno-canto.org/604000/download,Audio too short: 0.72s
2026-01-11T07:00:54.832332+00:00,XC943493,grus grus,https://data.biodiversitydata.nl/xeno-canto/observation/XC943493,https://xeno-canto.org/943493/download,Audio too short: 0.70s
2026-01-11T07:14:29.034136+00:00,XC526587,haematopus ostralegus,https://data.biodiversitydata.nl/xeno-canto/observation/XC526587,https://xeno-canto.org/526587/download,Audio too short: 0.78s
2026-01-11T07:22:50.597609+00:00,XC665644,haematopus ostralegus,https://data.biodiversitydata.nl/xeno-canto/observation/XC665644,https://xeno-canto.org/665644/download,Download failed after retries: Downloaded file too small (likely error page).
2026-01-11T07:27:36.075246+00:00,XC672234,hippolais icterina,https://data.biodiversitydata.nl/xeno-canto/observation/XC672234,https://xeno-canto.org/672234/download,Audio too short: 0.91s
2026-01-11T07:36:58.478850+00:00,XC934341,hippolais icterina,https://data.biodiversitydata.nl/xeno-canto/observation/XC934341,https://xeno-canto.org/934341/download,Download failed after retries: 404 Client Error: Not Found for url: https://xeno-canto.org/934341/download
2026-01-11T07:57:47.525182+00:00,XC741685,hirundo rustica,https://data.biodiversitydata.nl/xeno-canto/observation/XC741685,https://xeno-canto.org/741685/download,Download failed after retries: Downloaded file too small (likely error page).
2026-01-11T07:59:03.712979+00:00,XC668801,hirundo rustica,https://data.biodiversitydata.nl/xeno-canto/observation/XC668801,https://xeno-canto.org/668801/download,Download failed after retries: Downloaded file too small (likely error page).
2026-01-11T08:02:30.822052+00:00,XC471592,hirundo rustica,https://data.biodiversitydata.nl/xeno-canto/observation/XC471592,https://xeno-canto.org/471592/download,Audio too short: 0.78s
2026-01-11T08:11:51.744478+00:00,XC559882,ixobrychus minutus,https://data.biodiversitydata.nl/xeno-canto/observation/XC559882,https://xeno-canto.org/559882/download,Download failed after retries: Downloaded file too small (likely error page).
2026-01-11T08:15:18.266393+00:00,XC574583,ixobrychus minutus,https://data.biodiversitydata.nl/xeno-canto/observation/XC574583,https://xeno-canto.org/574583/download,Audio too short: 0.84s
2026-01-11T08:16:44.668270+00:00,XC1005588,ixobrychus minutus,https://data.biodiversitydata.nl/xeno-canto/observation/XC1005588,https://xeno-canto.org/1005588/download,Audio too short: 0.85s
2026-01-11T08:21:11.726508+00:00,XC740484,ixobrychus minutus,https://data.biodiversitydata.nl/xeno-canto/observation/XC740484,https://xeno-canto.org/740484/download,Download failed after retries: Downloaded file too small (likely error page).
2026-01-11T08:41:58.110438+00:00,XC942353,linaria cannabina,https://data.biodiversitydata.nl/xeno-canto/observation/XC942353,https://xeno-canto.org/942353/download,"Size should be 1, 2, 3 or 4"
2026-01-11T08:51:46.798833+00:00,XC759633,linaria cannabina,https://data.biodiversitydata.nl/xeno-canto/observation/XC759633,https://xeno-canto.org/759633/download,Download failed after retries: Downloaded file too small (likely error page).
2026-01-11T09:37:21.235068+00:00,XC685479,lullula arborea,https://data.biodiversitydata.nl/xeno-canto/observation/XC685479,https://xeno-canto.org/685479/download,Audio too short: 0.85s
2026-01-11T10:21:29.611449+00:00,XC548139,luscinia megarhynchos,https://data.biodiversitydata.nl/xeno-canto/observation/XC548139,https://xeno-canto.org/548139/download,Download failed after retries: Downloaded file too small (likely error page).
2026-01-11T10:33:14.589971+00:00,XC943184,motacilla alba,https://data.biodiversitydata.nl/xeno-canto/observation/XC943184,https://xeno-canto.org/943184/download,Download failed after retries: Downloaded file too small (likely error page).
2026-01-11T10:35:40.188049+00:00,XC636228,motacilla alba,https://data.biodiversitydata.nl/xeno-canto/observation/XC636228,https://xeno-canto.org/636228/download,Audio too short: 0.51s
2026-01-11T10:36:11.427279+00:00,XC938962,motacilla alba,https://data.biodiversitydata.nl/xeno-canto/observation/XC938962,https://xeno-canto.org/938962/download,Download failed after retries: 404 Client Error: Not Found for url: https://xeno-canto.org/938962/download
2026-01-11T10:43:09.318730+00:00,XC834509,motacilla alba,https://data.biodiversitydata.nl/xeno-canto/observation/XC834509,https://xeno-canto.org/834509/download,Audio too short: 0.62s
2026-01-11T10:43:20.335137+00:00,XC858567,motacilla alba,https://data.biodiversitydata.nl/xeno-canto/observation/XC858567,https://xeno-canto.org/858567/download,Download failed after retries: Downloaded file too small (likely error page).
2026-01-11T10:43:56.025531+00:00,XC973053,motacilla alba,https://data.biodiversitydata.nl/xeno-canto/observation/XC973053,https://xeno-canto.org/973053/download,Audio too short: 0.79s
2026-01-11T10:47:08.497577+00:00,XC863076,motacilla alba,https://data.biodiversitydata.nl/xeno-canto/observation/XC863076,https://xeno-canto.org/863076/download,Download failed after retries: Downloaded file too small (likely error page).
2026-01-11T10:49:59.720626+00:00,XC622913,motacilla alba,https://data.biodiversitydata.nl/xeno-canto/observation/XC622913,https://xeno-canto.org/622913/download,Audio too short: 0.98s
2026-01-11T10:53:47.387340+00:00,XC496920,motacilla flava,https://data.biodiversitydata.nl/xeno-canto/observation/XC496920,https://xeno-canto.org/496920/download,Audio too short: 0.81s
2026-01-11T10:58:06.156868+00:00,XC861635,motacilla flava,https://data.biodiversitydata.nl/xeno-canto/observation/XC861635,https://xeno-canto.org/861635/download,Audio too short: 0.71s
2026-01-11T10:58:14.373372+00:00,XC637030,motacilla flava,https://data.biodiversitydata.nl/xeno-canto/observation/XC637030,https://xeno-canto.org/637030/download,Audio too short: 0.65s
2026-01-11T11:01:43.020681+00:00,XC675134,motacilla flava,https://data.biodiversitydata.nl/xeno-canto/observation/XC675134,https://xeno-canto.org/675134/download,Download failed after retries: Downloaded file too small (likely error page).
2026-01-11T11:01:53.621820+00:00,XC578848,motacilla flava,https://data.biodiversitydata.nl/xeno-canto/observation/XC578848,https://xeno-canto.org/578848/download,Download failed after retries: Downloaded file too small (likely error page).
2026-01-11T11:05:00.639229+00:00,XC901272,motacilla flava,https://data.biodiversitydata.nl/xeno-canto/observation/XC901272,https://xeno-canto.org/901272/download,Audio too short: 0.99s
2026-01-11T11:08:38.052069+00:00,XC546680,motacilla flava,https://data.biodiversitydata.nl/xeno-canto/observation/XC546680,https://xeno-canto.org/546680/download,Audio too short: 0.81s
2026-01-11T11:09:01.199826+00:00,XC556723,motacilla flava,https://data.biodiversitydata.nl/xeno-canto/observation/XC556723,https://xeno-canto.org/556723/download,Audio too short: 0.94s
2026-01-11T11:09:36.298405+00:00,XC464441,motacilla flava,https://data.biodiversitydata.nl/xeno-canto/observation/XC464441,https://xeno-canto.org/464441/download,Audio too short: 0.89s
2026-01-11T11:13:30.322868+00:00,XC742141,muscicapa striata,https://data.biodiversitydata.nl/xeno-canto/observation/XC742141,https://xeno-canto.org/742141/download,Download failed after retries: Downloaded file too small (likely error page).
2026-01-11T11:20:46.583334+00:00,XC576211,muscicapa striata,https://data.biodiversitydata.nl/xeno-canto/observation/XC576211,https://xeno-canto.org/576211/download,Download failed after retries: Downloaded file too small (likely error page).
2026-01-11T11:21:57.016345+00:00,XC583749,muscicapa striata,https://data.biodiversitydata.nl/xeno-canto/observation/XC583749,https://xeno-canto.org/583749/download,Download failed after retries: Downloaded file too small (likely error page).
2026-01-11T11:23:01.550543+00:00,XC673297,muscicapa striata,https://data.biodiversitydata.nl/xeno-canto/observation/XC673297,https://xeno-canto.org/673297/download,Audio too short: 0.66s
2026-01-11T11:27:06.175915+00:00,XC670618,muscicapa striata,https://data.biodiversitydata.nl/xeno-canto/observation/XC670618,https://xeno-canto.org/670618/download,Audio too short: 0.99s
2026-01-11T11:34:27.695864+00:00,XC972005,muscicapa striata,https://data.biodiversitydata.nl/xeno-canto/observation/XC972005,https://xeno-canto.org/972005/download,Download failed after retries: Downloaded file too small (likely error page).
2026-01-11T11:38:09.945317+00:00,XC743791,numenius arquata,https://data.biodiversitydata.nl/xeno-canto/observation/XC743791,https://xeno-canto.org/743791/download,Download failed after retries: Downloaded file too small (likely error page).
2026-01-11T11:51:47.831582+00:00,XC713092,numenius arquata,https://data.biodiversitydata.nl/xeno-canto/observation/XC713092,https://xeno-canto.org/713092/download,Download failed after retries: 404 Client Error: Not Found for url: https://xeno-canto.org/713092/download
2026-01-11T11:53:20.600181+00:00,XC590388,numenius arquata,https://data.biodiversitydata.nl/xeno-canto/observation/XC590388,https://xeno-canto.org/590388/download,Download failed after retries: Downloaded file too small (likely error page).
2026-01-11T11:53:44.142725+00:00,XC843333,numenius arquata,https://data.biodiversitydata.nl/xeno-canto/observation/XC843333,https://xeno-canto.org/843333/download,Audio too short: 0.76s
2026-01-11T12:19:11.619968+00:00,XC548725,nycticorax nycticorax,https://data.biodiversitydata.nl/xeno-canto/observation/XC548725,https://xeno-canto.org/548725/download,Download failed after retries: Downloaded file too small (likely error page).
2026-01-11T12:19:47.598154+00:00,XC977648,nycticorax nycticorax,https://data.biodiversitydata.nl/xeno-canto/observation/XC977648,https://xeno-canto.org/977648/download,Audio too short: 0.93s
2026-01-11T12:27:05.721099+00:00,XC902743,nycticorax nycticorax,https://data.biodiversitydata.nl/xeno-canto/observation/XC902743,https://xeno-canto.org/902743/download,Download failed after retries: Downloaded file too small (likely error page).
2026-01-11T12:29:34.896290+00:00,XC540172,nycticorax nycticorax,https://data.biodiversitydata.nl/xeno-canto/observation/XC540172,https://xeno-canto.org/540172/download,Download failed after retries: Downloaded file too small (likely error page).
2026-01-11T12:56:59.291732+00:00,XC562050,oriolus oriolus,https://data.biodiversitydata.nl/xeno-canto/observation/XC562050,https://xeno-canto.org/562050/download,Download failed after retries: Downloaded file too small (likely error page).
2026-01-11T13:08:09.961409+00:00,XC806787,parus major,https://data.biodiversitydata.nl/xeno-canto/observation/XC806787,https://xeno-canto.org/806787/download,Download failed after retries: 404 Client Error: Not Found for url: https://xeno-canto.org/806787/download
2026-01-11T13:47:49.912996+00:00,XC964945,passer montanus,https://data.biodiversitydata.nl/xeno-canto/observation/XC964945,https://xeno-canto.org/964945/download,Download failed after retries: 404 Client Error: Not Found for url: https://xeno-canto.org/964945/download
2026-01-11T13:59:41.850283+00:00,XC741698,passer montanus,https://data.biodiversitydata.nl/xeno-canto/observation/XC741698,https://xeno-canto.org/741698/download,Download failed after retries: Downloaded file too small (likely error page).
2026-01-11T14:03:41.581542+00:00,XC674438,periparus ater,https://data.biodiversitydata.nl/xeno-canto/observation/XC674438,https://xeno-canto.org/674438/download,Download failed after retries: Downloaded file too small (likely error page).
2026-01-11T14:13:26.929448+00:00,XC879391,periparus ater,https://data.biodiversitydata.nl/xeno-canto/observation/XC879391,https://xeno-canto.org/879391/download,Download failed after retries: Downloaded file too small (likely error page).
2026-01-11T14:32:58.737129+00:00,XC759189,phoenicurus ochruros,https://data.biodiversitydata.nl/xeno-canto/observation/XC759189,https://xeno-canto.org/759189/download,Audio too short: 0.67s
2026-01-11T14:40:32.580943+00:00,XC603906,phoenicurus ochruros,https://data.biodiversitydata.nl/xeno-canto/observation/XC603906,https://xeno-canto.org/603906/download,Audio too short: 0.97s
2026-01-11T14:46:26.668824+00:00,XC526900,phoenicurus ochruros,https://data.biodiversitydata.nl/xeno-canto/observation/XC526900,https://xeno-canto.org/526900/download,Audio too short: 0.71s
2026-01-11T14:52:13.377286+00:00,XC526914,phoenicurus ochruros,https://data.biodiversitydata.nl/xeno-canto/observation/XC526914,https://xeno-canto.org/526914/download,Audio too short: 0.89s
2026-01-11T14:52:54.251780+00:00,XC208914,phoenicurus phoenicurus,https://data.biodiversitydata.nl/xeno-canto/observation/XC208914,https://xeno-canto.org/208914/download,Download failed after retries: 404 Client Error: Not Found for url: https://xeno-canto.org/208914/download
2026-01-11T15:08:39.335563+00:00,XC736912,phoenicurus phoenicurus,https://data.biodiversitydata.nl/xeno-canto/observation/XC736912,https://xeno-canto.org/736912/download,Download failed after retries: 404 Client Error: Not Found for url: https://xeno-canto.org/736912/download
2026-01-11T15:16:43.342778+00:00,XC633613,phoenicurus phoenicurus,https://data.biodiversitydata.nl/xeno-canto/observation/XC633613,https://xeno-canto.org/633613/download,Download failed after retries: Downloaded file too small (likely error page).
2026-01-11T15:29:04.243689+00:00,XC785005,phylloscopus collybita,https://data.biodiversitydata.nl/xeno-canto/observation/XC785005,https://xeno-canto.org/785005/download,Download failed after retries: 404 Client Error: Not Found for url: https://xeno-canto.org/785005/download
2026-01-11T16:14:32.079542+00:00,XC588627,phylloscopus trochilus,https://data.biodiversitydata.nl/xeno-canto/observation/XC588627,https://xeno-canto.org/588627/download,Audio too short: 0.78s
2026-01-11T16:37:49.729710+00:00,XC782540,picus viridis,https://data.biodiversitydata.nl/xeno-canto/observation/XC782540,https://xeno-canto.org/782540/download,Download failed after retries: Downloaded file too small (likely error page).
2026-01-11T16:56:40.139867+00:00,XC627869,pluvialis apricaria,https://data.biodiversitydata.nl/xeno-canto/observation/XC627869,https://xeno-canto.org/627869/download,Download failed after retries: Downloaded file too small (likely error page).
2026-01-11T17:05:24.356892+00:00,XC689292,pluvialis apricaria,https://data.biodiversitydata.nl/xeno-canto/observation/XC689292,https://xeno-canto.org/689292/download,Audio too short: 0.80s
2026-01-11T17:13:17.178639+00:00,XC952580,poecile palustris,https://data.biodiversitydata.nl/xeno-canto/observation/XC952580,https://xeno-canto.org/952580/download,Download failed after retries: Downloaded file too small (likely error page).
2026-01-11T17:15:03.398449+00:00,XC535832,poecile palustris,https://data.biodiversitydata.nl/xeno-canto/observation/XC535832,https://xeno-canto.org/535832/download,Audio too short: 0.78s
2026-01-11T17:19:16.590636+00:00,XC348455,poecile palustris,https://data.biodiversitydata.nl/xeno-canto/observation/XC348455,https://xeno-canto.org/348455/download,Download failed after retries: Downloaded file too small (likely error page).
2026-01-11T17:54:14.009499+00:00,XC584427,prunella modularis,https://data.biodiversitydata.nl/xeno-canto/observation/XC584427,https://xeno-canto.org/584427/download,Download failed after retries: Downloaded file too small (likely error page).
2026-01-11T18:10:22.646986+00:00,XC942360,prunella modularis,https://data.biodiversitydata.nl/xeno-canto/observation/XC942360,https://xeno-canto.org/942360/download,"Size should be 1, 2, 3 or 4"
2026-01-11T18:23:06.486466+00:00,XC128827,pyrrhula pyrrhula,https://data.biodiversitydata.nl/xeno-canto/observation/XC128827,https://xeno-canto.org/128827/download,Download failed after retries: Downloaded file too small (likely error page).
2026-01-11T18:27:03.573044+00:00,XC383095,pyrrhula pyrrhula,https://data.biodiversitydata.nl/xeno-canto/observation/XC383095,https://xeno-canto.org/383095/download,Audio too short: 0.97s
2026-01-11T19:17:31.437681+00:00,XC942580,regulus regulus,https://data.biodiversitydata.nl/xeno-canto/observation/XC942580,https://xeno-canto.org/942580/download,"Size should be 1, 2, 3 or 4"
2026-01-11T19:24:23.108552+00:00,XC798910,serinus serinus,https://data.biodiversitydata.nl/xeno-canto/observation/XC798910,https://xeno-canto.org/798910/download,Download failed after retries: Downloaded file too small (likely error page).
2026-01-11T19:24:42.904144+00:00,XC595294,serinus serinus,https://data.biodiversitydata.nl/xeno-canto/observation/XC595294,https://xeno-canto.org/595294/download,Download failed after retries: Downloaded file too small (likely error page).
2026-01-11T19:27:23.208964+00:00,XC129482,serinus serinus,https://data.biodiversitydata.nl/xeno-canto/observation/XC129482,https://xeno-canto.org/129482/download,Audio too short: 0.98s
2026-01-11T19:33:56.286540+00:00,XC684924,serinus serinus,https://data.biodiversitydata.nl/xeno-canto/observation/XC684924,https://xeno-canto.org/684924/download,Download failed after retries: Downloaded file too small (likely error page).
2026-01-11T19:40:27.922908+00:00,XC516982,sitta europaea,https://data.biodiversitydata.nl/xeno-canto/observation/XC516982,https://xeno-canto.org/516982/download,Download failed after retries: Downloaded file too small (likely error page).
2026-01-11T19:56:28.388342+00:00,XC65165,spinus spinus,https://data.biodiversitydata.nl/xeno-canto/observation/XC65165,https://xeno-canto.org/65165/download,Download failed after retries: Downloaded file too small (likely error page).
2026-01-11T20:03:24.102903+00:00,XC938604,spinus spinus,https://data.biodiversitydata.nl/xeno-canto/observation/XC938604,https://xeno-canto.org/938604/download,Audio too short: 0.84s
2026-01-11T20:04:29.260263+00:00,XC942343,spinus spinus,https://data.biodiversitydata.nl/xeno-canto/observation/XC942343,https://xeno-canto.org/942343/download,"Size should be 1, 2, 3 or 4"
2026-01-11T20:49:49.437299+00:00,XC736902,sturnus vulgaris,https://data.biodiversitydata.nl/xeno-canto/observation/XC736902,https://xeno-canto.org/736902/download,Download failed after retries: 404 Client Error: Not Found for url: https://xeno-canto.org/736902/download
2026-01-11T20:52:41.003636+00:00,XC559062,sturnus vulgaris,https://data.biodiversitydata.nl/xeno-canto/observation/XC559062,https://xeno-canto.org/559062/download,Download failed after retries: Downloaded file too small (likely error page).
2026-01-11T21:53:41.305371+00:00,XC672708,tringa nebularia,https://data.biodiversitydata.nl/xeno-canto/observation/XC672708,https://xeno-canto.org/672708/download,Audio too short: 0.99s
2026-01-11T21:58:18.999078+00:00,XC499957,tringa nebularia,https://data.biodiversitydata.nl/xeno-canto/observation/XC499957,https://xeno-canto.org/499957/download,Audio too short: 0.84s
2026-01-11T21:59:49.240092+00:00,XC741362,tringa nebularia,https://data.biodiversitydata.nl/xeno-canto/observation/XC741362,https://xeno-canto.org/741362/download,Download failed after retries: Downloaded file too small (likely error page).
2026-01-11T22:00:50.822492+00:00,XC365602,tringa nebularia,https://data.biodiversitydata.nl/xeno-canto/observation/XC365602,https://xeno-canto.org/365602/download,Audio too short: 0.89s
2026-01-11T22:03:28.267723+00:00,XC883877,tringa nebularia,https://data.biodiversitydata.nl/xeno-canto/observation/XC883877,https://xeno-canto.org/883877/download,Download failed after retries: 404 Client Error: Not Found for url: https://xeno-canto.org/883877/download
2026-01-11T22:03:45.374393+00:00,XC835907,tringa nebularia,https://data.biodiversitydata.nl/xeno-canto/observation/XC835907,https://xeno-canto.org/835907/download,Download failed after retries: 404 Client Error: Not Found for url: https://xeno-canto.org/835907/download
2026-01-11T22:04:06.335492+00:00,XC737749,tringa nebularia,https://data.biodiversitydata.nl/xeno-canto/observation/XC737749,https://xeno-canto.org/737749/download,Download failed after retries: 404 Client Error: Not Found for url: https://xeno-canto.org/737749/download
2026-01-11T22:10:10.239892+00:00,XC387278,tringa ochropus,https://data.biodiversitydata.nl/xeno-canto/observation/XC387278,https://xeno-canto.org/387278/download,Download failed after retries: Downloaded file too small (likely error page).
2026-01-11T22:11:43.704825+00:00,XC575823,tringa ochropus,https://data.biodiversitydata.nl/xeno-canto/observation/XC575823,https://xeno-canto.org/575823/download,Download failed after retries: Downloaded file too small (likely error page).
2026-01-11T22:16:24.930782+00:00,XC349716,tringa ochropus,https://data.biodiversitydata.nl/xeno-canto/observation/XC349716,https://xeno-canto.org/349716/download,Download failed after retries: Downloaded file too small (likely error page).
2026-01-11T22:20:43.702890+00:00,XC481072,tringa totanus,https://data.biodiversitydata.nl/xeno-canto/observation/XC481072,https://xeno-canto.org/481072/download,Audio too short: 0.98s
2026-01-11T22:20:53.265025+00:00,XC362561,tringa totanus,https://data.biodiversitydata.nl/xeno-canto/observation/XC362561,https://xeno-canto.org/362561/download,Audio too short: 0.89s
2026-01-11T22:24:51.949728+00:00,XC1027340,tringa totanus,https://data.biodiversitydata.nl/xeno-canto/observation/XC1027340,https://xeno-canto.org/1027340/download,Audio too short: 0.75s
2026-01-11T22:39:46.177185+00:00,XC494565,troglodytes aedon,https://data.biodiversitydata.nl/xeno-canto/observation/XC494565,https://xeno-canto.org/494565/download,Download failed after retries: Downloaded file too small (likely error page).
2026-01-11T22:43:12.551730+00:00,XC974462,troglodytes aedon,https://data.biodiversitydata.nl/xeno-canto/observation/XC974462,https://xeno-canto.org/974462/download,Download failed after retries: 404 Client Error: Not Found for url: https://xeno-canto.org/974462/download
2026-01-11T23:04:53.740208+00:00,XC522987,troglodytes troglodytes,https://data.biodiversitydata.nl/xeno-canto/observation/XC522987,https://xeno-canto.org/522987/download,Audio too short: 0.85s
2026-01-11T23:16:28.354345+00:00,XC879316,turdus iliacus,https://data.biodiversitydata.nl/xeno-canto/observation/XC879316,https://xeno-canto.org/879316/download,Download failed after retries: Downloaded file too small (likely error page).
2026-01-11T23:26:16.116849+00:00,XC542695,turdus iliacus,https://data.biodiversitydata.nl/xeno-canto/observation/XC542695,https://xeno-canto.org/542695/download,Audio too short: 0.94s
2026-01-11T23:39:30.503965+00:00,XC858710,turdus merula,https://data.biodiversitydata.nl/xeno-canto/observation/XC858710,https://xeno-canto.org/858710/download,Download failed after retries: 404 Client Error: Not Found for url: https://xeno-canto.org/858710/download
2026-01-11T23:46:34.095576+00:00,XC303740,turdus merula,https://data.biodiversitydata.nl/xeno-canto/observation/XC303740,https://xeno-canto.org/303740/download,Download failed after retries: 404 Client Error: Not Found for url: https://xeno-canto.org/303740/download
2026-01-11T23:49:46.191588+00:00,XC833123,turdus merula,https://data.biodiversitydata.nl/xeno-canto/observation/XC833123,https://xeno-canto.org/833123/download,Audio too short: 0.84s
2026-01-11T23:50:03.339697+00:00,XC307901,turdus merula,https://data.biodiversitydata.nl/xeno-canto/observation/XC307901,https://xeno-canto.org/307901/download,Download failed after retries: 404 Client Error: Not Found for url: https://xeno-canto.org/307901/download
2026-01-12T00:00:51.491137+00:00,XC833294,turdus philomelos,https://data.biodiversitydata.nl/xeno-canto/observation/XC833294,https://xeno-canto.org/833294/download,Audio too short: 0.39s
2026-01-12T00:04:58.651941+00:00,XC555731,turdus philomelos,https://data.biodiversitydata.nl/xeno-canto/observation/XC555731,https://xeno-canto.org/555731/download,Download failed after retries: Downloaded file too small (likely error page).
2026-01-12T00:13:51.792501+00:00,XC635216,turdus philomelos,https://data.biodiversitydata.nl/xeno-canto/observation/XC635216,https://xeno-canto.org/635216/download,Audio too short: 0.40s
2026-01-12T00:15:32.201192+00:00,XC539243,turdus philomelos,https://data.biodiversitydata.nl/xeno-canto/observation/XC539243,https://xeno-canto.org/539243/download,Download failed after retries: Downloaded file too small (likely error page).
2026-01-12T00:18:41.472644+00:00,XC540174,turdus philomelos,https://data.biodiversitydata.nl/xeno-canto/observation/XC540174,https://xeno-canto.org/540174/download,Download failed after retries: Downloaded file too small (likely error page).
2026-01-12T00:24:12.203366+00:00,XC823007,turdus pilaris,https://data.biodiversitydata.nl/xeno-canto/observation/XC823007,https://xeno-canto.org/823007/download,Download failed after retries: 404 Client Error: Not Found for url: https://xeno-canto.org/823007/download
2026-01-12T00:26:20.823127+00:00,XC614402,turdus pilaris,https://data.biodiversitydata.nl/xeno-canto/observation/XC614402,https://xeno-canto.org/614402/download,Audio too short: 0.92s
2026-01-12T00:27:58.743344+00:00,XC685122,turdus pilaris,https://data.biodiversitydata.nl/xeno-canto/observation/XC685122,https://xeno-canto.org/685122/download,Audio too short: 0.81s
2026-01-12T00:33:12.835217+00:00,XC208546,turdus pilaris,https://data.biodiversitydata.nl/xeno-canto/observation/XC208546,https://xeno-canto.org/208546/download,Download failed after retries: 404 Client Error: Not Found for url: https://xeno-canto.org/208546/download
2026-01-12T00:46:16.171881+00:00,XC943976,turdus viscivorus,https://data.biodiversitydata.nl/xeno-canto/observation/XC943976,https://xeno-canto.org/943976/download,Audio too short: 0.69s
