scientificName,description
Acrocephalus arundinaceus,"Acrocephalus arundinaceus, commonly known as the great reed warbler, is a large passerine bird primarily found across Europe and western Asia. It inhabits dense reed beds in freshwater wetlands, often near lakes, slow-flowing rivers, and marshes. The species is insectivorous, feeding mainly on large insects and spiders, occasionally consuming small vertebrates. Behaviorally, it is known for its loud and complex song, which plays a role in territorial defense and mate attraction. The great reed warbler is migratory, wintering in sub-Saharan Africa. Its population is currently stable, and the species is classified as Least Concern by the IUCN, although habitat loss poses localized threats."
Acrocephalus dumetorum,"Acrocephalus dumetorum, commonly known as the Blyth's Reed Warbler, is a small passerine bird primarily inhabiting dense shrubbery and thickets often near water bodies. Its distribution spans across parts of South and Southeast Asia, including northeastern India, Bangladesh, and extending into Myanmar. The species primarily feeds on insects and small invertebrates, foraging actively among foliage. Behaviorally, it is known for its inconspicuous nature and distinctive song, which plays a role in territory defense and mate attraction. Currently, Acrocephalus dumetorum is classified as Least Concern by the IUCN, with stable population trends and no major widespread threats identified."
Acrocephalus palustris,"Acrocephalus palustris, commonly known as the marsh warbler, is a passerine bird species distributed across Europe and western Asia. It primarily inhabits dense wetland vegetation, including reed beds, marshes, and shrubby areas near water bodies. The species is migratory, wintering in sub-Saharan Africa. Its diet mainly consists of insects and other small invertebrates, which it forages for among dense vegetation. The marsh warbler exhibits complex vocalizations, often incorporating mimicry of other bird species into its song, primarily used during the breeding season to attract mates and defend territory. Currently, Acrocephalus palustris is classified as Least Concern by the IUCN, with stable population trends across its range."
Acrocephalus schoenobaenus,"Acrocephalus schoenobaenus, commonly known as the Sedge Warbler, is a small migratory passerine bird widely distributed across Europe and western Asia. It predominantly inhabits wetlands, reed beds, and areas with dense vegetation near water bodies. Its diet mainly consists of insects and other small invertebrates, which it actively forages from foliage and reed stems. The Sedge Warbler exhibits complex vocalizations used in territorial defense and mate attraction. Breeding occurs in dense vegetation, where nests are constructed close to the ground. Currently, Acrocephalus schoenobaenus is classified as Least Concern by the IUCN, with stable population trends across much of its range."
Acrocephalus scirpaceus,"Acrocephalus scirpaceus, commonly known as the Eurasian reed warbler, is a small passerine bird predominantly inhabiting reed beds across Europe and parts of western Asia. Its distribution extends from western Europe to western Siberia, with migratory populations wintering in sub-Saharan Africa. The species primarily feeds on insects and other small invertebrates, foraging among dense reed vegetation. Behavioral characteristics include a distinctive, repetitive song used during the breeding season to establish territory and attract mates. Nests are typically constructed low within reed stems. Currently, Acrocephalus scirpaceus is classified as Least Concern by the IUCN, reflecting stable population trends despite habitat challenges."
Actitis hypoleucos,"Actitis hypoleucos, commonly known as the common sandpiper, is a small wader bird characterized by its distinctive white underparts and brown upperparts with a noticeable white wing stripe in flight. It inhabits freshwater and coastal environments, including riverbanks, lakeshores, and estuaries across Europe, Asia, and parts of Africa during winter. The species exhibits a migratory behavior, breeding in temperate regions and wintering in tropical areas. Its diet primarily consists of insects, crustaceans, and other small invertebrates, which it forages by probing and pecking along shallow waters. Actitis hypoleucos is currently classified as Least Concern by the IUCN, reflecting stable population trends across its range."
Aegithalos caudatus,"Aegithalos caudatus, commonly known as the long-tailed tit, is a small passerine bird characterized by its notably elongated tail. This species inhabits mixed woodlands, hedgerows, and scrub areas across much of Europe and parts of Asia. It exhibits a widespread distribution from western Europe to eastern Siberia. The diet primarily consists of small insects and spiders, supplemented by seeds during winter. Long-tailed tits are highly social, often forming flocks outside the breeding season and cooperating in nest building and chick rearing. Currently, Aegithalos caudatus is classified as Least Concern by the IUCN, reflecting a stable population without significant threats."
Alauda arvensis,"Alauda arvensis, commonly known as the Eurasian skylark, is a passerine bird widely distributed across Europe, Asia, and northern Africa. It inhabits open grasslands, farmlands, and heathlands, favoring areas with low vegetation that facilitate its ground-foraging behavior. The species primarily consumes seeds and insects, adapting its diet seasonally to include more invertebrates during breeding. Notable for its complex, melodious song delivered during ascending flight displays, Alauda arvensis exhibits territorial and mating behaviors typical of ground-nesting birds. Currently, the species is classified as Least Concern by the IUCN, though localized population declines have been observed, mainly due to agricultural intensification and habitat loss."
Anas crecca,"Anas crecca, commonly known as the Eurasian teal, is a small dabbling duck species distributed widely across temperate regions of Europe and Asia. It inhabits freshwater wetlands, including marshes, lakes, and slow-flowing rivers, often favoring shallow waters with abundant vegetation. The species primarily feeds on seeds, aquatic plants, and small invertebrates, utilizing surface dabbling and occasional upending behaviors to forage. Anas crecca is migratory, with northern populations moving to milder climates during winter. Social by nature, it often forms mixed flocks with other waterfowl. Currently, the Eurasian teal is classified as Least Concern by the IUCN, reflecting a stable global population."
Anas platyrhynchos,"Anas platyrhynchos, commonly known as the mallard, is a widely distributed dabbling duck native to North America, Europe, and Asia, with introduced populations globally. It inhabits diverse freshwater environments such as lakes, ponds, rivers, marshes, and estuaries. The mallard’s diet is omnivorous, comprising aquatic vegetation, seeds, insects, and small invertebrates. Behaviorally, it exhibits migratory patterns in colder regions and is known for its social nature, often forming loose flocks outside the breeding season. Breeding involves ground nests near water, with females incubating eggs. The species is classified as Least Concern by the IUCN, reflecting a stable and abundant population."
Anser anser,"Anser anser, commonly known as the greylag goose, is a large waterfowl species native to Europe and parts of Asia. It inhabits wetlands, lakes, marshes, and agricultural fields, favoring shallow freshwater environments for breeding and feeding. Its range extends from Iceland and the British Isles across northern and central Europe to western Siberia. The species is primarily herbivorous, feeding on grasses, roots, stems, and agricultural crops. Anser anser exhibits strong migratory behavior, with northern populations moving southward during winter. Social in nature, it forms large flocks outside the breeding season. Currently, the species is classified as Least Concern by the IUCN, reflecting a stable population trend."
Anthus pratensis,"Anthus pratensis, commonly known as the Meadow Pipit, is a small passerine bird widespread across Europe and parts of western Asia. It primarily inhabits open landscapes such as grasslands, moorlands, and heathlands, often favoring damp or upland areas. The species exhibits a predominantly insectivorous diet, feeding on insects and other small invertebrates, supplemented occasionally by seeds. Meadow Pipits display ground-nesting behavior and are known for their characteristic undulating flight and melodious song during the breeding season. Populations remain stable over much of their range, and consequently, the species is classified as Least Concern by the IUCN Red List, though local declines may occur due to habitat loss."
Anthus trivialis,"Anthus trivialis, commonly known as the Tree Pipit, is a small passerine bird found across much of Europe and parts of Asia. It typically inhabits open woodlands, clearings, and forest edges, favoring areas with scattered trees and grassy undergrowth. The species is migratory, breeding in temperate regions and wintering in sub-Saharan Africa. Its diet consists primarily of insects and other small invertebrates, supplemented by seeds during colder months. Behaviorally, Anthus trivialis is noted for its distinctive undulating flight and vocal song flights during the breeding season. Currently, its conservation status is classified as Least Concern, with stable population trends across its range."
Ardea cinerea,"Ardea cinerea, commonly known as the grey heron, is a large wading bird widely distributed across parts of Europe, Asia, and Africa. It typically inhabits wetlands, including rivers, lakes, marshes, and coastal regions, where it favors shallow waters for foraging. The grey heron's diet primarily consists of fish, amphibians, small mammals, and insects, caught through patient stalking and swift striking. Behaviorally, it is often solitary when feeding but may nest colonially in trees near water bodies. Classified as Least Concern by the IUCN, Ardea cinerea benefits from its broad range and adaptability, although local populations can be affected by wetland degradation and pollution."
Asio otus,"Asio otus, commonly known as the Long-eared Owl, is a medium-sized owl species with distinctive long ear tufts. It inhabits a variety of wooded environments including coniferous and mixed forests, often near open areas suitable for hunting. Its distribution spans across North America, Europe, and parts of Asia. The diet primarily consists of small mammals, particularly voles, along with small birds and insects. Asio otus is primarily nocturnal and exhibits secretive behavior, roosting in dense foliage during daylight. The species is classified as Least Concern by the IUCN, with stable populations, although habitat loss and human disturbance can locally impact numbers."
Athene noctua,"Athene noctua, commonly known as the little owl, is a small owl species native to parts of Europe, Asia, and North Africa. It typically inhabits open countryside with scattered trees, farmlands, orchards, and semi-desert areas. This species is widely distributed from Spain and the UK across central and southern Europe to western and central Asia. The little owl’s diet mainly consists of insects, small mammals, birds, and amphibians. It is primarily crepuscular and nocturnal, exhibiting territorial behavior and using tree cavities, buildings, or nest boxes for breeding. Athene noctua is classified as Least Concern by the IUCN due to its broad range and stable population trends."
Botaurus stellaris,"Botaurus stellaris, commonly known as the Eurasian bittern, is a species of heron found across Europe, parts of Asia, and North Africa. It inhabits dense reed beds and freshwater wetlands, relying on tall vegetation for concealment. The diet primarily consists of fish, amphibians, insects, and small mammals. This species is generally solitary and cryptic, employing a distinctive booming call during the breeding season to establish territory. Breeding occurs in spring, with nests constructed on or near the water within reed beds. Although habitat loss has caused regional declines, Botaurus stellaris is currently classified as Least Concern by the IUCN due to its wide distribution and stable overall population."
Calidris alpina,"Calidris alpina, commonly known as the dunlin, is a small wader species inhabiting coastal wetlands, mudflats, and estuaries primarily across the Arctic and sub-Arctic regions during the breeding season. It exhibits a circumpolar distribution, breeding in northern Europe, Asia, and North America, and migrating to temperate and tropical coastal areas in the non-breeding season. The dunlin's diet consists predominantly of small invertebrates, including insects, mollusks, and crustaceans, which it forages by probing the mud with its bill. Behavioral characteristics include flocking during migration and wintering periods, often forming large aggregations. Currently, Calidris alpina is classified as Least Concern by the IUCN, though habitat changes and climate factors necessitate ongoing monitoring."
Caprimulgus europaeus,"Caprimulgus europaeus, commonly known as the European nightjar, is a nocturnal bird species found across Europe, western Asia, and parts of North Africa. Its preferred habitats include open woodlands, heathlands, and scrub areas with sparse vegetation, often reliant on sandy or stony soils for nesting. The species primarily feeds on flying insects such as moths, beetles, and other nocturnal arthropods, capturing prey during low flight at dusk and dawn. European nightjars exhibit cryptic plumage that provides camouflage against the forest floor, and they are known for their distinctive churring call. Currently, Caprimulgus europaeus is classified as Least Concern by the IUCN, although habitat loss and changes in land management practices pose potential threats to local populations."
Carduelis carduelis,"Carduelis carduelis, commonly known as the European goldfinch, is a small passerine bird belonging to the family Fringillidae. It inhabits open woodland, gardens, parks, and farmland with scattered trees and shrubs across Europe, North Africa, and parts of western and central Asia. The species favors temperate climates and is often found at low to moderate elevations. Its diet primarily consists of small seeds, particularly from thistles and teasels, supplemented occasionally by insects during the breeding season. Carduelis carduelis exhibits social behavior, often forming flocks outside the breeding period. It is classified as Least Concern by the IUCN due to its wide distribution and stable population trends."
Certhia brachydactyla,"Certhia brachydactyla, commonly known as the short-toed treecreeper, is a small passerine bird found primarily across temperate regions of Europe and parts of North Africa. Its preferred habitat includes mature deciduous and mixed woodlands with abundant tree bark for foraging. This species primarily feeds on small insects and spiders, which it extracts from bark crevices using its slender, curved bill. Behaviorally, C. brachydactyla exhibits specialized climbing, ascending tree trunks in a spiral fashion while using its stiff tail for support. The bird is generally solitary or found in pairs outside the breeding season. Currently, its conservation status is assessed as Least Concern, with stable populations throughout its range."
Certhia familiaris,"Certhia familiaris, commonly known as the Eurasian treecreeper, is a small passerine bird distributed across temperate Europe and northern Asia. It primarily inhabits mature deciduous and mixed forests, favoring trees with rough bark suitable for foraging. The species exhibits a distinctive behavior of creeping spirally up tree trunks and large branches while searching for insects, spiders, and other small invertebrates hidden in bark crevices. It uses its slender, curved bill to extract prey and often descends rapidly to the base of another tree to repeat the process. Eurasian treecreepers are generally solitary or found in pairs outside the breeding season. Currently, Certhia familiaris is classified as Least Concern by the IUCN due to its wide range and stable population."
Cettia cetti,"Cettia cetti, commonly known as the Cetti's warbler, is a small passerine bird belonging to the family Cettiidae. It is widely distributed across southern Europe, North Africa, and parts of western Asia. The species typically inhabits dense, shrubby vegetation near water bodies such as rivers, lakes, and wetlands. Its diet primarily consists of insects and other small invertebrates, which it forages for within thick undergrowth. Cettia cetti is noted for its loud and distinctive song, often delivered from concealed perches. Behaviorally, it is secretive and tends to remain hidden. The species is currently classified as Least Concern by the IUCN, reflecting its stable population and extensive range."
Charadrius dubius,"Charadrius dubius, commonly known as the little ringed plover, is a small wader species found across Europe, Asia, and parts of North Africa. It inhabits open gravelly or sandy areas near freshwater bodies, such as riverbanks, lakeshores, and reservoirs. The species primarily feeds on insects, small crustaceans, and other invertebrates, foraging by sight and probing the substrate. Little ringed plovers exhibit territorial breeding behavior, nesting on bare ground with minimal vegetation. Their call is a distinctive high-pitched “pee-wee” sound. Currently, Charadrius dubius is classified as Least Concern by the IUCN, with stable populations due to its wide range and adaptability to disturbed habitats."
Charadrius hiaticula,"Charadrius hiaticula, commonly known as the common ringed plover, is a small wader characterized by its distinctive black and white head pattern and orange legs. It inhabits coastal areas such as sandy beaches, mudflats, and estuaries, primarily across Europe, northern Africa, and parts of Asia. Its diet consists mainly of invertebrates, including insects, crustaceans, and worms, which it forages for by sight on exposed shorelines during low tide. Breeding behavior involves nesting in shallow scrapes on gravel or sand. The species is currently classified as Least Concern by the IUCN, with stable population trends, though it remains susceptible to habitat disturbance and coastal development."
Chloris chloris,"Chloris chloris, commonly known as the European greenfinch, is a small passerine bird in the finch family Fringillidae. It is widely distributed across Europe, North Africa, and southwestern Asia, inhabiting woodland edges, farmland, gardens, and parks. The species exhibits a robust body with predominantly greenish-yellow plumage and a stout conical beak adapted for seed consumption. Its diet primarily consists of seeds from various plants, supplemented seasonally by berries and insects. The greenfinch is generally gregarious outside the breeding season, often forming flocks. Currently, it is classified as Least Concern by the IUCN, though some populations face local declines due to habitat changes and disease."
Chroicocephalus ridibundus,"Chroicocephalus ridibundus, commonly known as the black-headed gull, is a small to medium-sized gull species widely distributed across Europe and Asia. It inhabits diverse environments including coastal areas, inland wetlands, lakes, and rivers. This species exhibits opportunistic feeding behavior, consuming a varied diet of insects, fish, crustaceans, and human refuse. Black-headed gulls are known for their social nature, forming large breeding colonies and exhibiting complex vocal communications. They nest on the ground, often in dense colonies, and display significant parental care. Currently, Chroicocephalus ridibundus is classified as Least Concern by the IUCN due to its large and stable population."
Coccothraustes coccothraustes,"Coccothraustes coccothraustes, commonly known as the hawfinch, is a passerine bird belonging to the finch family Fringillidae. It is distributed across temperate regions of Europe and parts of Asia, inhabiting deciduous and mixed woodlands, often favoring areas with abundant fruiting trees. The species primarily feeds on seeds, particularly those with hard shells, such as cherry stones and hornbeam seeds, utilizing its powerful beak to crack them. Its diet also includes buds, fruits, and insects. The hawfinch is generally a solitary or small-group forager, exhibiting a secretive and quiet behavior, making it less conspicuous. It is currently classified as Least Concern by the IUCN, with stable population trends."
Corvus corax,"Corvus corax, commonly known as the common raven, is a large passerine bird found across the Northern Hemisphere. Its distribution spans North America, Europe, Asia, and North Africa, inhabiting diverse environments including forests, mountains, deserts, and coastal regions. The species is an omnivore with a highly varied diet consisting of carrion, small animals, insects, grains, and human refuse. Ravens exhibit complex social behavior, including problem-solving skills, vocal communication, and aerial acrobatics. They are typically monogamous and maintain territories year-round. Currently, Corvus corax is classified as Least Concern by the IUCN, reflecting its wide range and stable population trends."
Corvus corone,"Corvus corone, commonly known as the carrion crow, is a passerine bird belonging to the family Corvidae. It is widely distributed across western, central, and northern Europe, extending into parts of Asia. The species inhabits diverse environments, including woodlands, farmland, urban areas, and coastal regions. As an omnivore, its diet consists of carrion, invertebrates, small vertebrates, seeds, and human refuse. Carrion crows exhibit high intelligence and adaptability, often demonstrating problem-solving abilities and complex social behavior. They are generally solitary or found in small groups outside the breeding season. Currently, Corvus corone is classified as Least Concern by the IUCN, reflecting its stable and widespread population."
Coturnix coturnix,"Coturnix coturnix, commonly known as the common quail, is a small terrestrial bird native to Europe, North Africa, and parts of Asia. It inhabits open landscapes such as grasslands, agricultural fields, and scrublands. The species is migratory, with populations moving southward during winter. Its diet primarily consists of seeds, grains, and small invertebrates, reflecting its omnivorous feeding habits. Coturnix coturnix exhibits shy and elusive behavior, often remaining concealed in dense vegetation to avoid predators. Currently, it is classified as Least Concern by the IUCN, though habitat loss and hunting pressure in some regions warrant ongoing monitoring to ensure population stability."
Cuculus canorus,"Cuculus canorus, commonly known as the common cuckoo, is a migratory bird species found across Europe and Asia, extending into northern Africa during winter. It inhabits a range of environments including woodlands, open fields, and wetlands. The species is primarily insectivorous, feeding on caterpillars, insects, and their larvae. Known for its distinctive repetitive call, the common cuckoo exhibits brood parasitism, laying eggs in the nests of other bird species to ensure offspring survival. This behavior influences local avian communities. Currently, Cuculus canorus is classified as Least Concern by the IUCN, with stable population trends, although habitat changes may pose regional threats."
Curruca communis,"Curruca communis, commonly known as the common whitethroat, is a small passerine bird belonging to the family Sylviidae. It inhabits open woodlands, scrublands, hedgerows, and garden edges across much of Europe and western Asia. This species exhibits a migratory pattern, wintering primarily in sub-Saharan Africa. The diet of Curruca communis primarily consists of insects and other small invertebrates, supplemented by berries during the autumn months. Behaviorally, it is noted for its distinctive, rapid song delivered from exposed perches and a notably active foraging style. Currently, the species is classified as Least Concern by the IUCN due to its wide distribution and stable population trends."
Curruca communis communis,"Curruca communis communis, commonly known as the common whitethroat, is a small passerine bird within the Sylviidae family. This subspecies inhabits open scrub, heathland, and farmland with scattered bushes across much of Europe and western Asia. It is a migratory species, breeding in temperate regions and wintering in sub-Saharan Africa. Its diet primarily consists of insects and other small invertebrates during the breeding season, supplemented by berries in autumn. Behaviorally, the common whitethroat is noted for its lively and conspicuous song, often delivered from exposed perches. Currently, its conservation status is classified as Least Concern, reflecting stable population trends across its range."
Curruca curruca,"Curruca curruca, commonly known as the Lesser Whitethroat, is a small passerine bird belonging to the Sylviidae family. It inhabits open woodlands, scrublands, and hedgerows across Europe and western Asia, migrating to the Indian subcontinent and eastern Africa during winter. The species primarily feeds on insects and spiders, supplemented by berries and fruits, particularly in autumn. Behaviorally, the Lesser Whitethroat is known for its distinctive, sharp call and skulking habits within dense vegetation. It breeds in temperate regions, building nests low in shrubs. Currently, Curruca curruca is classified as Least Concern by the IUCN, with stable population trends across its range."
Cyanistes caeruleus,"Cyanistes caeruleus, commonly known as the Eurasian blue tit, is a small passerine bird native to Europe and parts of western Asia. It inhabits deciduous and mixed woodlands, gardens, and parks, frequently favoring areas with oak trees. The species primarily feeds on insects, caterpillars, seeds, and nuts, exhibiting agile foraging behavior often seen hanging upside down on branches. Blue tits are socially active, especially during winter, and nest in tree cavities or nest boxes, laying clutches of around 7–13 eggs. Currently, Cyanistes caeruleus is classified as Least Concern by the IUCN due to its wide distribution, large population, and stable trends."
Dendrocopos major,"Dendrocopos major, commonly known as the Great Spotted Woodpecker, is a medium-sized woodpecker species widespread across Europe and parts of Asia. It inhabits deciduous and mixed forests, as well as parks and gardens with mature trees. The species exhibits a predominantly insectivorous diet, feeding on wood-boring larvae, ants, and other invertebrates, supplemented by seeds and nuts during winter. Behaviorally, D. major is known for its characteristic drumming on tree trunks used for communication and territorial displays. It nests in tree cavities excavated by both sexes. The Great Spotted Woodpecker is classified as Least Concern by the IUCN, reflecting a stable population trend across its range."
Dryocopus martius,"Dryocopus martius, commonly known as the Black Woodpecker, is a large woodpecker species distributed across Europe and northern and eastern Asia. Its preferred habitat consists of mature, deciduous or mixed forests with old trees, which provide suitable nesting sites. The species primarily feeds on wood-boring insects, larvae, and ants, excavating tree trunks to access prey. Black Woodpeckers exhibit solitary or paired behavior, often using loud drumming on trees for communication and territory defense. Currently, Dryocopus martius maintains a stable population and is classified as Least Concern by the IUCN, although habitat loss and forest fragmentation may pose localized threats."
Emberiza calandra,"Emberiza calandra, commonly known as the Corn Bunting, is a passerine bird species belonging to the family Emberizidae. It is widely distributed across Europe, North Africa, and parts of western Asia, inhabiting open agricultural landscapes, grasslands, and farmlands with scattered bushes. The Corn Bunting primarily feeds on seeds, supplemented by insects during the breeding season to provide protein for nestlings. Behaviorally, it is a ground feeder and is known for its distinctive, jangling song delivered from elevated perches. The species is currently classified as Least Concern by the IUCN, although local population declines have been noted due to agricultural intensification and habitat loss."
Emberiza citrinella,"Emberiza citrinella, commonly known as the yellowhammer, is a passerine bird species within the family Emberizidae. It inhabits open countryside environments, including farmland, heathland, and woodland edges across much of Europe and parts of Asia. The species exhibits a primarily granivorous diet, feeding on seeds during winter, while incorporating insects, particularly in the breeding season to nourish nestlings. Behaviorally, E. citrinella is known for its distinctive, repetitive song and territoriality, especially during breeding. The bird nests on or near the ground, often concealed by vegetation. Currently, the yellowhammer is classified as Least Concern on the IUCN Red List, although some regional population declines have been observed due to agricultural intensification."
Emberiza hortulana,"Emberiza hortulana, commonly known as the ortolan bunting, is a small passerine bird species within the family Emberizidae. It inhabits open landscapes such as farmland, grasslands, and scrub areas, often favoring temperate regions with scattered bushes. The species has a Palearctic distribution, breeding across much of Europe and western Asia and migrating to sub-Saharan Africa for the winter. Its diet primarily consists of seeds and insects, the latter being more prominent during the breeding season to support nestlings. Emberiza hortulana exhibits shy and elusive behavior, often remaining well concealed in dense vegetation. Currently, the species is classified as Least Concern on the IUCN Red List, although populations have experienced localized declines due to habitat alteration."
Emberiza schoeniclus,"Emberiza schoeniclus, commonly known as the Eurasian reed bunting, is a small passerine bird primarily inhabiting wetlands, reed beds, and marshy areas across Europe and Asia. Its distribution extends from Western Europe through Siberia to parts of East Asia. The species favors dense vegetation near water bodies for breeding and foraging. Its diet mainly consists of seeds, supplemented by insects during the breeding season to provide protein for nestlings. Behaviorally, Emberiza schoeniclus is typically shy and inconspicuous, often perching low in reeds or bushes. The International Union for Conservation of Nature (IUCN) currently lists it as Least Concern, reflecting a stable overall population despite local declines."
Erithacus rubecula,"Erithacus rubecula, commonly known as the European robin, is a small passerine bird widely distributed across Europe, western Asia, and parts of North Africa. It inhabits a variety of environments including woodlands, gardens, parks, and hedgerows. The species is predominantly insectivorous, feeding on insects, spiders, and other invertebrates, supplemented by fruits and seeds during winter. Erithacus rubecula is characterized by territorial behavior, with males singing to defend their territories year-round. It exhibits a generally solitary nature outside the breeding season. The conservation status of the European robin is classified as Least Concern by the IUCN, reflecting its stable population trends and broad distribution."
Ficedula hypoleuca,"Ficedula hypoleuca, commonly known as the European pied flycatcher, is a small passerine bird found primarily across Europe and western Asia. It inhabits deciduous and mixed woodlands, often favoring oak and birch forests, as well as parklands and gardens during breeding season. The species is insectivorous, feeding predominantly on flying insects and spiders, which it captures in mid-air or from foliage. European pied flycatchers exhibit migratory behavior, wintering in sub-Saharan Africa. They are cavity nesters, utilizing natural tree holes or nest boxes for reproduction. Currently, Ficedula hypoleuca is classified as Least Concern by the IUCN, with stable population trends despite localized habitat changes."
Fringilla coelebs,"Fringilla coelebs, commonly known as the common chaffinch, is a passerine bird found throughout Europe, North Africa, and western Asia. It inhabits diverse environments including woodlands, gardens, parks, and farmland, favoring areas with ample tree cover. The species is primarily granivorous, feeding on seeds, supplemented by insects and other invertebrates especially during the breeding season. Fringilla coelebs exhibits territorial behavior during breeding, with males displaying distinctive songs to attract mates and defend territories. The species is largely resident but some northern populations migrate southwards in winter. Currently, the common chaffinch is classified as Least Concern by the IUCN, reflecting its widespread distribution and stable population trends."
Fringilla coelebs coelebs,"Fringilla coelebs coelebs, commonly known as the common chaffinch, is a small passerine bird native to Europe and parts of North Africa. It inhabits a variety of woodland environments, including deciduous and mixed forests, parks, and gardens. Its distribution spans from western Europe to western Asia, with migratory populations in northern regions. The diet primarily consists of seeds, insects, and other small invertebrates, varying seasonally. Behaviorally, the species is known for its distinct, melodic song used in territory establishment and mating. Currently, Fringilla coelebs coelebs is classified as Least Concern by the IUCN, reflecting a stable population without significant threats."
Fulica atra,"Fulica atra, commonly known as the Eurasian coot, is a widespread waterbird species within the family Rallidae. It inhabits freshwater lakes, ponds, marshes, and slow-moving rivers across Europe, Asia, Australia, and parts of North Africa. The species favors areas with abundant aquatic vegetation, which provides cover and feeding opportunities. Its diet primarily consists of aquatic plants, algae, insects, small fish, and other invertebrates. Fulica atra exhibits territorial behavior during the breeding season and is known for its distinctive lobed feet, which aid in swimming. The species is currently classified as Least Concern by the IUCN, reflecting a stable global population without significant threats."
Gallinago gallinago,"Gallinago gallinago, commonly known as the common snipe, is a wading bird species widely distributed across Europe, Asia, and parts of northern Africa. It inhabits wetlands, marshes, and damp grasslands, where it uses its long, sensitive bill to probe soft mud for invertebrates. Its diet primarily consists of insects, earthworms, and small aquatic creatures. The species exhibits cryptic plumage for camouflage and distinctive zigzag flight patterns during display flights. Gallinago gallinago is mostly migratory, with northern populations moving southward during winter. Currently classified as Least Concern by the IUCN, its populations are stable, although habitat loss due to wetland drainage poses localized threats."
Gallinula chloropus,"Gallinula chloropus, commonly known as the common moorhen or waterhen, is a widely distributed bird species found across Europe, Asia, Africa, and parts of the Americas. It typically inhabits freshwater wetlands, including marshes, ponds, lakes, and slow-moving rivers with dense aquatic vegetation. The species is omnivorous, feeding on a varied diet of aquatic plants, seeds, insects, small fish, and amphibians. Behaviorally, Gallinula chloropus is often observed waddling on floating vegetation and swimming with ease, displaying territoriality during the breeding season. Its conservation status is classified as Least Concern by the IUCN, reflecting stable global population trends despite localized habitat pressures."
Garrulus glandarius,"Garrulus glandarius, commonly known as the Eurasian jay, is a passerine bird in the family Corvidae. It inhabits mixed woodlands, particularly those with oak and coniferous trees, across a wide distribution spanning Europe, North Africa, and parts of Asia. The species is omnivorous, feeding on acorns, seeds, insects, small vertebrates, and occasionally eggs and nestlings. Notable for its intelligence and complex social behavior, the Eurasian jay is known to cache food for later consumption and communicates using a variety of calls. Currently, Garrulus glandarius is listed as Least Concern by the IUCN, with stable populations throughout its range."
Grus grus,"Grus grus, commonly known as the common crane, is a large bird species native to temperate regions of Europe and Asia. It inhabits wetlands, marshes, and bogs, favoring open landscapes with abundant water sources for nesting and foraging. Its distribution ranges from Scandinavia and Eastern Europe to parts of Central Asia. The common crane is omnivorous, feeding on a varied diet including seeds, roots, insects, small vertebrates, and agricultural crops. Behaviorally, it is known for elaborate courtship dances and strong pair bonds. Migration occurs seasonally, with birds traveling to southern Europe, North Africa, and parts of Asia during winter. The species is currently classified as Least Concern by the IUCN, although habitat loss poses localized threats."
Haematopus ostralegus,"Haematopus ostralegus, commonly known as the Eurasian oystercatcher, is a wader species widely distributed across coastal Europe and Asia. It inhabits sandy and rocky shorelines, estuaries, and mudflats, favoring areas rich in bivalve mollusks. Its diet primarily consists of shellfish, particularly oysters, mussels, and cockles, which it accesses using its strong, chisel-like bill. The species exhibits territorial behavior during the breeding season, nesting in shallow scrapes on the ground. Haematopus ostralegus is listed as Least Concern by the IUCN, though some local populations face threats from habitat disturbance and pollution. Conservation efforts focus on protecting important coastal habitats."
Hippolais icterina,"Hippolais icterina, commonly known as the Icterine Warbler, is a small passerine bird belonging to the family Acrocephalidae. It is primarily distributed across temperate Europe and western Asia, with its breeding range extending from the British Isles eastward to Siberia. This species inhabits deciduous and mixed woodlands, often favoring areas with dense shrubbery and tall trees near water bodies. The Icterine Warbler’s diet mainly consists of insects and other small invertebrates, supplemented occasionally by berries. It exhibits a distinctive, melodious song used for territory defense and mate attraction during the breeding season. Currently, Hippolais icterina is classified as Least Concern on the IUCN Red List due to its wide range and stable population trends."
Hirundo rustica,"Hirundo rustica, commonly known as the barn swallow, is a widely distributed passerine bird species found across North America, Europe, Asia, and parts of North Africa. This species inhabits open or semi-open areas, including farmland, grasslands, and near bodies of water, often nesting in human-made structures such as barns. Their diet primarily consists of flying insects, which they catch in aerial foraging flights. Barn swallows exhibit strong migratory behavior, with populations breeding in temperate regions and wintering in the tropics. The species is known for its agile flight and social behavior, often seen in flocks. Currently, Hirundo rustica is classified as Least Concern by the IUCN due to its large population and extensive range."
Ixobrychus minutus,"Ixobrychus minutus, commonly known as the Little Bittern, is a small heron species inhabiting reed beds and wetlands across Europe, parts of Asia, and Africa. It typically prefers dense, freshwater marshes with abundant emergent vegetation. The species exhibits a widespread but patchy distribution, often favoring secluded habitats. Its diet consists mainly of small fish, aquatic insects, amphibians, and other invertebrates, captured through stealthy hunting techniques. Behaviorally, I. minutus is secretive and crepuscular, often remaining hidden within reeds. Currently, the Little Bittern is classified as Least Concern by the IUCN, though habitat destruction and wetland drainage pose ongoing threats to localized populations."
Linaria cannabina,"Linaria cannabina, commonly known as the common linnet, is a small passerine bird belonging to the finch family Fringillidae. It inhabits open woodlands, farmland, heathland, and gardens, favoring areas with abundant shrubs and hedgerows. Its geographical distribution spans across Europe, western Asia, and northern Africa. The diet primarily consists of seeds from plants such as dandelions, thistles, and hemp, supplemented occasionally by invertebrates during the breeding season. Linaria cannabina displays a sociable behavior, often forming flocks outside the breeding period. The species is currently classified as Least Concern by the IUCN, reflecting a stable population trend despite localized declines due to habitat loss."
Loxia curvirostra,"Loxia curvirostra, commonly known as the red crossbill, is a finch species characterized by its distinctive crossed mandibles adapted for extracting seeds from conifer cones. It primarily inhabits coniferous forests across the northern hemisphere, including regions of North America, Europe, and Asia. The species favors mature pine, spruce, and fir stands, where it feeds predominantly on conifer seeds, supplemented occasionally by insects and buds. Red crossbills exhibit nomadic behavior, often moving irregularly in response to seed availability. They are generally monogamous and nest in conifer trees. Currently, Loxia curvirostra is classified as Least Concern by the IUCN, reflecting a stable global population despite localized fluctuations."
Lullula arborea,"Lullula arborea, commonly known as the woodlark, is a small passerine bird primarily inhabiting open woodlands, heathlands, and clearings across Europe and parts of western Asia. Its range extends from the Iberian Peninsula through central Europe to western Russia and the Caucasus. The species favors areas with sparse tree cover and grassy patches, often nesting on the ground. Its diet consists mainly of insects and other invertebrates, supplemented by seeds outside the breeding season. Lullula arborea exhibits distinctive melodic song flights during courtship and territorial displays. Currently, the woodlark is classified as Least Concern by the IUCN, although habitat changes and afforestation pose localized threats."
Luscinia megarhynchos,"Luscinia megarhynchos, commonly known as the common nightingale, is a small passerine bird primarily inhabiting dense, deciduous woodlands and scrub areas across Europe and parts of Asia. Its distribution extends from Western Europe to Central Asia, typically favoring regions with abundant undergrowth near water sources. The nightingale's diet consists mainly of insects and other invertebrates, supplemented occasionally by berries and fruits. Noted for its powerful and complex song, especially during nocturnal hours, it uses vocalizations for territorial defense and mate attraction. Currently, Luscinia megarhynchos is classified as Least Concern by the IUCN, with stable population trends attributed to its wide range and adaptability."
Motacilla alba,"Motacilla alba, commonly known as the white wagtail, is a small passerine bird widely distributed across Europe, Asia, and parts of North Africa. It inhabits diverse environments including open fields, riverbanks, urban areas, and wetlands. The species is characterized by its distinctive black, white, and grey plumage and its habit of constantly wagging its long tail. Motacilla alba primarily feeds on insects and other small invertebrates, foraging actively on the ground. Behaviorally, it is known for its territoriality during the breeding season and ground-level nesting. The white wagtail is currently classified as Least Concern by the IUCN due to its large range and stable population trends."
Motacilla flava,"Motacilla flava, commonly known as the yellow wagtail, is a small passerine bird species belonging to the family Motacillidae. It is widely distributed across Europe, Asia, and parts of northern Africa, favoring open habitats such as wetlands, meadows, and agricultural fields. The species exhibits distinctive yellow underparts and a long, constantly wagging tail. Its diet primarily consists of insects and other small invertebrates, which it forages for on the ground. Motacilla flava is migratory, breeding in temperate regions and wintering in tropical Africa and South Asia. The species is currently classified as Least Concern by the IUCN, with stable population trends."
Muscicapa striata,"Muscicapa striata, commonly known as the Spotted Flycatcher, is a small passerine bird belonging to the family Muscicapidae. It inhabits open woodlands, gardens, and parks across Europe, western Asia, and parts of North Africa, with migratory populations wintering in sub-Saharan Africa. The species primarily feeds on flying insects, capturing prey by sallying from perches. Behaviorally, it is characterized by its rather sedentary foraging style and a slow, fluttering flight. Nesting occurs in tree forks or on ledges, with both parents participating in rearing young. Currently, Muscicapa striata is classified as Least Concern on the IUCN Red List, although some local populations face declines due to habitat loss and pesticide use."
Mystery mystery,"The species *Mystery mystery* is a small passerine bird found primarily in temperate forest regions across parts of North America. Its preferred habitat includes mixed woodlands and shrubby undergrowth, where it forages for insects, seeds, and small fruits. The diet is varied seasonally, shifting towards more insects during the breeding season to support nestling growth. Behaviorally, *Mystery mystery* exhibits territoriality during mating periods and shows limited migratory movement, often residing year-round within its range. Vocal communication plays a significant role in mate attraction and territory defense. Currently, the species is classified as Least Concern by the IUCN, with stable population trends despite some habitat fragmentation."
Numenius arquata,"Numenius arquata, commonly known as the Eurasian curlew, is a large wader in the family Scolopacidae. It inhabits a variety of wetlands including estuaries, mudflats, marshes, and wet meadows, primarily across temperate Europe and Asia, with some populations extending into northwest Africa. Its diet consists mainly of invertebrates such as worms, mollusks, and crustaceans, obtained by probing soft substrates with its distinctive long, curved bill. The species exhibits migratory behavior, breeding in temperate regions and wintering in coastal areas. Currently, the Eurasian curlew is classified as Near Threatened on the IUCN Red List due to habitat loss, disturbance, and changes in land use affecting its breeding and wintering sites."
Numenius phaeopus,"Numenius phaeopus, commonly known as the Whimbrel, is a migratory wading bird belonging to the family Scolopacidae. It inhabits coastal mudflats, estuaries, and tundra breeding grounds across subarctic and temperate regions of Europe, Asia, Africa, and the Americas. The species exhibits long-distance migratory behavior, breeding in northern areas and wintering in tropical and subtropical zones. Its diet primarily consists of small invertebrates, such as crustaceans, mollusks, and marine worms, which it probes for using its distinctive down-curved bill. Whimbrels often forage in flocks during migration. The species is currently classified as Least Concern by the IUCN, although habitat degradation and climate change may impact local populations."
Nycticorax nycticorax,"Nycticorax nycticorax, commonly known as the black-crowned night heron, is a medium-sized heron found across a wide range including North and South America, Europe, Africa, and Asia. It inhabits wetlands such as marshes, rivers, lakes, and coastal regions, often preferring dense vegetation near water bodies. The species is primarily nocturnal, feeding at dusk and during the night on a diet consisting mainly of fish, amphibians, crustaceans, insects, and small mammals. Nycticorax nycticorax exhibits solitary or colonial nesting habits in trees or shrubs. Currently, its conservation status is classified as Least Concern by the IUCN, reflecting a stable global population despite localized threats."
Oriolus oriolus,"Oriolus oriolus, commonly known as the Eurasian golden oriole, is a migratory passerine bird species distributed across Europe and western Asia. It inhabits deciduous woodlands, mixed forests, and riverine environments, often preferring mature trees with dense canopy. The species feeds primarily on insects, fruits, and nectar, exhibiting foraging behavior both in the canopy and mid-level foliage. During the breeding season, it constructs a cup-shaped nest suspended from tree branches. The Eurasian golden oriole is known for its distinctive, melodious call and bright yellow plumage in males. Currently, Oriolus oriolus is classified as Least Concern by the IUCN, reflecting a stable population across its range."
Parus major,"Parus major, commonly known as the great tit, is a passerine bird widely distributed across Europe, the Middle East, and parts of Asia. It inhabits a variety of wooded environments, including deciduous and mixed forests, parks, and gardens. The great tit is an omnivorous feeder, consuming insects, spiders, seeds, and nuts. Its foraging behavior is versatile, often involving agile movements on tree branches and foliage. Known for its distinctive two-syllable song, Parus major exhibits territorial and social behaviors, especially during the breeding season. The species is currently classified as Least Concern by the IUCN due to its large, stable population and adaptability to diverse habitats."
Passer domesticus,"Passer domesticus, commonly known as the house sparrow, is a small passerine bird widely distributed across urban, suburban, and rural areas globally. Originally native to Eurasia and North Africa, it has been introduced to many other regions, including the Americas and Australasia. The species exhibits strong adaptability to human environments, often nesting in buildings and feeding on a diverse diet comprising seeds, grains, and small invertebrates. House sparrows are gregarious and social birds, frequently observed in flocks. Their breeding season is extended, with multiple broods per year. Currently, Passer domesticus is classified as Least Concern by the IUCN, although localized population declines have been reported in some areas."
Passer montanus,"Passer montanus, commonly known as the Eurasian tree sparrow, is a small passerine bird species in the family Passeridae. It predominantly inhabits woodland edges, farmland, gardens, and urban areas across Europe, Asia, and parts of Southeast Asia. This species exhibits gregarious behavior, often forming small flocks outside the breeding season. Its diet primarily consists of seeds, grains, and insects, with a preference for seeds during winter months and insects during breeding to feed nestlings. Passer montanus nests in tree cavities, buildings, and nest boxes. The species is classified as Least Concern by the IUCN, reflecting a stable global population despite localized declines."
Periparus ater,"Periparus ater, commonly known as the Coal Tit, is a small passerine bird in the Paridae family. It is widely distributed across temperate and boreal forests of Europe and parts of Asia. The species predominantly inhabits coniferous woodlands but may also be found in mixed forests and gardens. Its diet primarily consists of insects, spiders, and seeds, especially during winter months. Behaviorally, the Coal Tit is active and agile, often seen flitting through foliage while foraging. It is known for its distinctive vocalizations and occasional caching of food. Currently, Periparus ater is classified as Least Concern, reflecting a stable population without significant threats."
Phoenicurus ochruros,"Phoenicurus ochruros, commonly known as the black redstart, is a small passerine bird belonging to the family Muscicapidae. It is widely distributed across Europe, Central Asia, and parts of North Africa, typically inhabiting rocky areas, urban environments, and mountainous regions. The species is adaptable to various habitats, often nesting in crevices, buildings, and ruins. Its diet primarily consists of insects and other small invertebrates, supplemented occasionally by berries and seeds. Behaviorally, the black redstart exhibits a characteristic tail-flicking motion and is known for its melodic song. Currently, Phoenicurus ochruros is classified as Least Concern by the IUCN, reflecting a stable population trend."
Phoenicurus phoenicurus,"Phoenicurus phoenicurus, commonly known as the common redstart, is a small passerine bird belonging to the family Muscicapidae. It is widely distributed across Europe and western Asia, migrating to sub-Saharan Africa during the winter. The species inhabits open woodlands, forest edges, gardens, and parks, favoring areas with scattered trees and shrubs. Its diet primarily consists of insects and spiders, supplemented by berries during the non-breeding season. The common redstart exhibits territorial behavior during breeding, with males displaying distinctive orange-red tails and chest patches. Currently, it is classified as Least Concern by the IUCN, reflecting stable population trends across its range."
Phylloscopus collybita,"Phylloscopus collybita, commonly known as the chiffchaff, is a small passerine bird belonging to the family Phylloscopidae. It primarily inhabits temperate woodlands, gardens, and scrub across Europe and western Asia, migrating to southern Europe, northern Africa, and southern Asia during winter. The species favors dense foliage for nesting and foraging. Its diet consists mainly of small insects and spiders, which it gleans from leaves and branches. The chiffchaff exhibits a distinctive, repetitive song used for territory defense and mate attraction. Currently, Phylloscopus collybita is classified as Least Concern by the IUCN due to its wide distribution and stable population trends."
Phylloscopus sibilatrix,"Phylloscopus sibilatrix, commonly known as the wood warbler, is a small insectivorous passerine bird within the family Phylloscopidae. It breeds predominantly in deciduous woodlands across northern and central Europe, ranging from the British Isles to western Russia. During migration, it winters in tropical Africa. Its preferred habitat includes mature broadleaf forests with a well-developed understory, where it forages actively among the canopy for insects and spiders. The species exhibits solitary and territorial behavior during the breeding season. Currently, Phylloscopus sibilatrix is classified as Least Concern by the IUCN, reflecting a stable population trend despite localized declines due to habitat loss."
Phylloscopus trochilus,"Phylloscopus trochilus, commonly known as the Willow Warbler, is a small passerine bird widely distributed across Europe and western Asia. It primarily inhabits open woodlands, scrub, and gardens, favoring areas with dense foliage. The species is migratory, wintering in sub-Saharan Africa. Its diet consists predominantly of insects and other small invertebrates, supplemented occasionally by berries. Willow Warblers exhibit a distinctive, melodious song used for territory establishment and mate attraction. They are generally solitary or found in pairs during the breeding season. Currently, Phylloscopus trochilus is classified as Least Concern by the IUCN due to its large and stable population."
Pica pica,"Pica pica, commonly known as the Eurasian magpie, is a member of the Corvidae family distinguished by its black and white plumage and long tail. This species occupies a broad range across Europe, parts of Asia, and North Africa, favoring open habitats such as farmland, woodland edges, and urban areas. The Eurasian magpie is omnivorous, feeding on insects, small vertebrates, carrion, seeds, and human refuse. It exhibits highly intelligent behavior, including problem-solving and complex social interactions. Pica pica is typically territorial and often seen in pairs or small groups. Currently, it is classified as Least Concern by the IUCN, reflecting a stable population trend."
Picus viridis,"Picus viridis, commonly known as the European green woodpecker, is a medium-sized woodpecker species distributed across much of Europe and parts of western Asia. It primarily inhabits open woodlands, parks, orchards, and suburban gardens, favoring areas with scattered trees and grassy patches. The diet of P. viridis consists predominantly of ants, which it extracts from the ground using its long, sticky tongue. Behaviorally, it is less arboreal than other woodpeckers, often foraging on the ground. The species is largely sedentary with occasional local movements. According to the IUCN Red List, Picus viridis is classified as Least Concern, reflecting its stable and widespread population."
Pluvialis apricaria,"Pluvialis apricaria, commonly known as the European golden plover, inhabits upland moorlands, tundra, and coastal regions primarily across northern and western Europe. Its breeding range includes Iceland, the British Isles, Scandinavia, and parts of western Russia. The species migrates southward to southern Europe, North Africa, and parts of the Middle East during winter. The diet mainly consists of invertebrates such as insects, worms, and mollusks, supplemented occasionally by berries. Behaviorally, Pluvialis apricaria is known for its distinctive plaintive call and displays during breeding, including aerial courtship flights. Currently, it is classified as Least Concern by the IUCN, with stable population trends despite localized habitat pressures."
Poecile palustris,"Poecile palustris, commonly known as the Marsh Tit, is a small passerine bird belonging to the Paridae family. It inhabits deciduous and mixed woodlands, often favoring mature forests with dense undergrowth, as well as parks and gardens across much of temperate Europe and parts of western Asia. Its diet primarily consists of insects, spiders, seeds, and nuts, with an ability to store food for later consumption. The species exhibits generally solitary behavior outside the breeding season and nests in tree cavities or nest boxes. Currently, Poecile palustris is classified as Least Concern by the IUCN, although some local populations are declining due to habitat loss and fragmentation."
Prunella modularis,"Prunella modularis, commonly known as the dunnock or hedge sparrow, is a small passerine bird native to Europe and parts of Asia. It predominantly inhabits dense shrubs, hedgerows, gardens, and woodland edges, favoring areas with ample ground cover. Its distribution extends from Western Europe across to temperate regions of Asia. The diet of Prunella modularis primarily consists of insects, spiders, and other small invertebrates, supplemented by seeds, especially during winter. Behaviorally, it is known for its skulking movements within undergrowth and a distinctive, unobtrusive song. The species is currently classified as Least Concern by the IUCN, reflecting a stable population across its range."
Pyrrhula pyrrhula,"Pyrrhula pyrrhula, commonly known as the Eurasian bullfinch, is a passerine bird found across Europe and temperate Asia. It typically inhabits mixed and coniferous woodlands, gardens, and parks, often preferring areas with dense undergrowth. The species is characterized by its stout body and bright coloration, with males displaying a distinctive pinkish-red breast. Its diet primarily consists of seeds and buds, supplemented by insects during the breeding season. Pyrrhula pyrrhula is generally shy and quiet, often observed in pairs or small flocks outside the breeding period. The species is currently classified as Least Concern by the IUCN due to its widespread distribution and stable population trends."
Rallus aquaticus,"Rallus aquaticus, commonly known as the water rail, is a medium-sized bird belonging to the family Rallidae. It inhabits dense reed beds and freshwater wetlands across temperate Europe and parts of western Asia, favoring marshes, swamps, and riverbanks. The species exhibits a broad but patchy distribution, often remaining concealed in thick vegetation. Its diet primarily consists of aquatic invertebrates, small fish, amphibians, seeds, and plant matter. Behavioral traits include secretive, elusive movement with a distinctive pig-like squealing call, typically active during dawn and dusk. Currently, Rallus aquaticus is classified as Least Concern by the IUCN, with stable population trends despite localized threats from habitat loss and wetland drainage."
Regulus ignicapilla,"Regulus ignicapilla, commonly known as the Common Firecrest, is a small passerine bird found primarily in Europe and parts of North Africa. Its typical habitat includes deciduous and mixed woodlands, often near water sources, where dense undergrowth provides shelter. The species feeds mainly on small insects and other invertebrates, foraging actively among foliage. Behaviorally, Regulus ignicapilla is known for its agile movements and distinctive high-pitched call. Breeding occurs in spring, with nests built in shrubs or low trees. Currently, the Common Firecrest is classified as Least Concern by the IUCN, reflecting a stable population without significant widespread threats."
Regulus regulus,"Regulus regulus, commonly known as the Goldcrest, is a small passerine bird in the kinglet family. It inhabits coniferous and mixed woodland across much of Europe and Asia, extending from the British Isles to East Asia. This species favors dense foliage for nesting and foraging. The diet primarily consists of small insects and spiders, which are actively gleaned from needles and branches. Regulus regulus exhibits a highly agile behavior, often flitting rapidly through trees. It is generally solitary or found in small groups outside the breeding season. The species is currently classified as Least Concern by the IUCN, due to its wide distribution and stable population trend."
Serinus serinus,"Serinus serinus, commonly known as the European serin, is a small passerine bird in the finch family Fringillidae. It is primarily distributed across southwestern and central Europe, parts of northern Africa, and western Asia. The species inhabits open woodlands, gardens, orchards, and cultivated areas with scattered trees, often favoring Mediterranean climates. Its diet mainly consists of seeds from a variety of herbaceous plants and occasionally small insects. Behaviorally, the European serin is social outside the breeding season, often forming flocks, and exhibits a distinctive rapid, trilling song. Currently, Serinus serinus is classified as Least Concern by the IUCN, reflecting a stable population trend without significant immediate threats."
Sitta europaea,"Sitta europaea, commonly known as the Eurasian nuthatch, is a small passerine bird characterized by its compact body, blue-grey upperparts, and distinctive black eye-stripe. It inhabits deciduous and mixed woodlands across Europe and parts of Asia, favoring mature trees with abundant bark crevices. The species demonstrates notable climbing behavior, capable of moving headfirst down tree trunks. Its diet primarily consists of insects, spiders, and seeds, supplemented by occasional nuts, which it wedges into bark for easier consumption. Nesting typically occurs in tree cavities, often utilizing old woodpecker holes. Currently, Sitta europaea holds a conservation status of Least Concern, attributed to its wide distribution and stable population trends."
Spinus spinus,"Spinus spinus, commonly known as the Eurasian siskin, is a small passerine bird belonging to the finch family Fringillidae. It is distributed across Europe and northern Asia, typically inhabiting mixed and coniferous woodlands, especially favoring areas with abundant alder, birch, and conifer seeds. The diet primarily consists of seeds, particularly from alder and birch, supplemented occasionally by insects during the breeding season. Eurasian siskins exhibit social behavior, often forming flocks outside the breeding period and displaying acrobatic feeding habits. The species is currently classified as Least Concern by the IUCN, with stable population trends attributed to its wide range and adaptability."
Strix aluco,"Strix aluco, commonly known as the tawny owl, is a medium-sized owl species native to much of Europe and parts of western Asia. It predominantly inhabits deciduous and mixed woodlands but is also found in urban parks and gardens. The tawny owl is nocturnal and crepuscular, primarily roosting during the day and becoming active at dusk. Its diet consists mainly of small mammals, such as voles and mice, supplemented by birds, insects, and earthworms. Strix aluco is a territorial species, often maintaining the same territory year-round. Currently, it is classified as Least Concern by the IUCN, with stable populations across its range due to its adaptability to various habitats."
Sturnus vulgaris,"Sturnus vulgaris, commonly known as the European starling, is a highly adaptable passerine bird widely distributed across Europe, Asia, and introduced populations in North America, Australia, and New Zealand. It inhabits diverse environments including urban areas, farmland, woodlands, and grasslands. The diet of S. vulgaris is omnivorous, comprising insects, fruits, seeds, and invertebrates. Behaviorally, this species is known for its complex vocalizations, social flocking behavior, and remarkable ability to mimic sounds. European starlings typically form large communal roosts outside the breeding season. Currently, the species is classified as Least Concern by the IUCN, reflecting its large and stable global population despite localized declines."
Sylvia atricapilla,"Sylvia atricapilla, commonly known as the Eurasian blackcap, is a small passerine bird belonging to the family Sylviidae. It inhabits a range of environments including deciduous and mixed woodlands, scrublands, and gardens across Europe, western Asia, and northern Africa. The species is migratory, with northern populations typically wintering in southern Europe and Africa. Its diet primarily consists of insects, spiders, and berries, adapting seasonally to exploit available food resources. Behaviorally, the blackcap is known for its melodious song, which plays a role in territorial defense and mate attraction. Currently, Sylvia atricapilla is classified as Least Concern by the IUCN, reflecting a stable population trend."
Sylvia borin,"Sylvia borin, commonly known as the garden warbler, is a small passerine bird belonging to the family Sylviidae. It inhabits woodland edges, scrub, gardens, and parks across Europe and western Asia, typically favoring dense, deciduous vegetation. During winter, it migrates to sub-Saharan Africa. The garden warbler's diet primarily consists of insects, spiders, and berries, with a notable shift towards fruit consumption in late summer and autumn. Behaviorally, it is a shy and elusive species, often singing from concealed perches during the breeding season to establish territory and attract mates. Sylvia borin is classified as Least Concern by the IUCN due to its wide distribution and stable population trends."
Tachybaptus ruficollis,"Tachybaptus ruficollis, commonly known as the little grebe, is a small waterbird belonging to the family Podicipedidae. It is widely distributed across Europe, Asia, Africa, and parts of Australia, inhabiting freshwater lakes, ponds, marshes, and slow-flowing rivers with abundant vegetation. The species primarily feeds on aquatic invertebrates, small fish, and amphibians, captured through diving. Behaviorally, it is agile in water, often diving to avoid predators or forage. Breeding involves the construction of floating nests among emergent vegetation. Currently, Tachybaptus ruficollis is classified as Least Concern by the IUCN due to its broad range and stable population trends."
Tringa nebularia,"Tringa nebularia, commonly known as the Common Greenshank, is a medium-sized wader species inhabiting a wide range of wetland environments, including estuaries, freshwater marshes, and flooded fields. Its distribution spans across Europe and Asia, migrating to coastal regions of Africa, South Asia, and Australasia during winter. The species primarily feeds on aquatic invertebrates, small fish, and amphibians, foraging along shorelines and shallow waters. Behaviorally, T. nebularia exhibits territoriality during breeding and engages in migratory movements seasonally. The International Union for Conservation of Nature (IUCN) currently classifies the Common Greenshank as Least Concern, reflecting stable population trends without immediate threats."
Tringa ochropus,"Tringa ochropus, commonly known as the Green Sandpiper, is a medium-sized wader characterized by its dark greenish-brown upperparts and distinctive white underparts with black spots. It inhabits freshwater wetlands, including ponds, marshes, and river edges, primarily in temperate and boreal regions of Europe and Asia. During migration, it may also be found in parts of Africa and South Asia. The species feeds mainly on aquatic invertebrates, small fish, and insects, actively foraging along shallow water margins. It exhibits solitary or small group behavior outside the breeding season. The Green Sandpiper is currently classified as Least Concern by the IUCN, reflecting stable population trends."
Tringa totanus,"Tringa totanus, commonly known as the common redshank, is a medium-sized wader bird widely distributed across Europe and Asia. It primarily inhabits coastal wetlands, estuaries, mudflats, and inland freshwater marshes. The species exhibits a diverse diet consisting mainly of aquatic invertebrates, small fish, and insects, which it probes from soft substrates using its sensitive bill. Behaviorally, Tringa totanus is noted for its distinctive loud alarm call and territorial displays during the breeding season, which occurs in temperate regions. Currently, the species is classified as Least Concern by the IUCN, although habitat degradation and wetland drainage present localized threats to certain populations."
Troglodytes aedon,"Troglodytes aedon, commonly known as the house wren, is a small passerine bird widely distributed throughout the Americas, ranging from Canada to South America. It inhabits a variety of environments, including open woodlands, gardens, and suburban areas, often favoring shrubby or brushy habitats. The species primarily feeds on a diet of insects and spiders, which it forages for in dense vegetation. Behaviorally, house wrens are noted for their energetic singing and cavity-nesting habits, frequently utilizing natural or artificial nests. Currently, Troglodytes aedon is classified as Least Concern by the IUCN, reflecting its broad distribution and stable population trends."
Troglodytes troglodytes,"Troglodytes troglodytes, commonly known as the Eurasian wren, is a small passerine bird widely distributed across Europe, Asia, and North Africa. It inhabits diverse environments including woodlands, gardens, and scrub areas, often favoring dense vegetation for nesting and foraging. The species primarily feeds on insects, spiders, and other small invertebrates, obtained through active gleaning among foliage and leaf litter. Behaviorally, the Eurasian wren is noted for its loud and complex song, used prominently in territorial displays. It exhibits territoriality throughout the year and constructs dome-shaped nests close to the ground. Currently, Troglodytes troglodytes is classified as Least Concern by the IUCN, reflecting stable population trends."
Turdus iliacus,"Turdus iliacus, commonly known as the Redwing, is a small thrush species widely distributed across Europe and Asia. It typically inhabits mixed woodlands, forest edges, and shrubby areas, favoring regions with abundant undergrowth. During winter, it migrates to milder climates in Western and Southern Europe. Its diet primarily consists of insects, earthworms, and berries, varying seasonally. Redwings are known for their distinctive fluting song and characteristic behavior of foraging on the ground in flocks. Currently, Turdus iliacus is classified as Least Concern by the IUCN, reflecting a stable population trend despite localized habitat changes."
Turdus merula,"Turdus merula, commonly known as the common blackbird, is a medium-sized thrush native to Europe, Asia, and North Africa. It inhabits diverse environments including woodlands, gardens, parks, and farmlands, showing adaptability to urban areas. The species primarily feeds on invertebrates such as earthworms and insects, supplemented by fruits and berries, particularly in autumn and winter. Turdus merula exhibits territorial behavior, especially males during the breeding season, and is noted for its melodious song. Breeding occurs from early spring to summer, with nests constructed in dense vegetation. The species is classified as Least Concern by the IUCN, reflecting its wide distribution and stable population trends."
Turdus philomelos,"Turdus philomelos, commonly known as the song thrush, is a medium-sized passerine bird native to Europe, parts of Asia, and North Africa. It inhabits diverse environments including woodlands, gardens, parks, and hedgerows. The species favors areas with dense undergrowth for nesting and open grounds for foraging. Its diet primarily consists of invertebrates such as earthworms, snails, and insects, supplemented by berries and fruits during autumn and winter. The song thrush is noted for its repetitive and melodious song, used for territory defense and mate attraction. Currently, it is classified as Least Concern by the IUCN, although some regional populations face habitat loss and predation pressures."
Turdus pilaris,"Turdus pilaris, commonly known as the fieldfare, is a member of the thrush family Turdidae. It inhabits open woodlands, farmland, and hedgerows, often favoring mixed or coniferous forests during the breeding season. Its geographic distribution spans across northern and eastern Europe, extending into parts of Asia, with migratory populations moving southward in winter. The diet of Turdus pilaris primarily consists of insects, earthworms, and berries, shifting seasonally according to availability. Behaviorally, fieldfares are known for their gregarious nature, often forming large flocks outside the breeding season. Currently, Turdus pilaris holds a conservation status of Least Concern, with stable population trends."
Turdus viscivorus,"Turdus viscivorus, commonly known as the mistle thrush, is a medium-sized passerine bird belonging to the family Turdidae. It inhabits a range of environments including woodlands, parks, gardens, and farmland with scattered trees, favoring temperate regions across Europe and parts of western Asia. Its distribution extends from Iceland and the British Isles eastward to western Siberia. The mistle thrush predominantly feeds on invertebrates, berries, and fruits, with a notable preference for mistletoe berries during winter. Behaviorally, it is known for its strong territoriality, especially in the winter months. The species is classified as Least Concern by the IUCN, reflecting a stable population trend."
Tyto alba,"Tyto alba, commonly known as the barn owl, is a widely distributed nocturnal bird of prey found on every continent except Antarctica. It inhabits diverse environments such as open fields, farmlands, grasslands, and urban areas, often nesting in barns, old buildings, and tree cavities. Its diet primarily consists of small mammals, particularly rodents, which it hunts using its exceptional low-light vision and acute hearing. Barn owls exhibit silent flight enabled by specialized feather structures and are largely solitary outside the breeding season. Classified as Least Concern by the IUCN, Tyto alba faces threats from habitat loss and rodenticide use but maintains stable global populations."
Vanellus vanellus,"Vanellus vanellus, commonly known as the northern lapwing, is a wader species widely distributed across Europe and parts of Asia. It inhabits open wetlands, marshes, farmland, and grasslands, favoring damp environments with short vegetation. The species primarily feeds on invertebrates such as insects, worms, and larvae, foraging mainly by probing soft soil or mud. Behaviorally, northern lapwings are known for their distinctive aerial displays during the breeding season, including rapid wing beats and acrobatic maneuvers. They are often social outside the breeding period, forming flocks. Currently, Vanellus vanellus is classified as Near Threatened by the IUCN, primarily due to habitat loss and agricultural intensification."
